Date,NetflowVolume
1.51476E+12,-11233.62241
1.51485E+12,21057.110427312844
1.51494E+12,5197.405301833569
1.51502E+12,3107.408822667814
1.51511E+12,17630.96413172988
1.5152E+12,-11571.8732
1.51528E+12,-7152.441453
1.51537E+12,-662.4216692
1.51546E+12,2356.908796240343
1.51554E+12,16602.129431420122
1.51563E+12,-3062.58741
1.51572E+12,3720.907471540821
1.5158E+12,6100.245828991567
1.51589E+12,-7015.082111
1.51597E+12,12025.697418250667
1.51606E+12,13130.37821291844
1.51615E+12,22726.697656290868
1.51623E+12,20397.894180373143
1.51632E+12,-12792.86375
1.51641E+12,6745.174404747711
1.51649E+12,-5126.470995
1.51658E+12,-1355.823818
1.51667E+12,293.94033665649476
1.51675E+12,1343.316856923091
1.51684E+12,9698.513212017788
1.51692E+12,-3793.875348
1.51701E+12,-2504.21651
1.5171E+12,487.9409048005036
1.51718E+12,-3224.730968
1.51727E+12,-3343.225975
1.51736E+12,1810.7986200704909
1.51744E+12,25836.400389980787
1.51753E+12,44224.78695398118
1.51762E+12,-9048.144033
1.5177E+12,23744.331575385193
1.51779E+12,31708.34213
1.51788E+12,19947.93246653062
1.51796E+12,-4941.704241
1.51805E+12,-6659.957345
1.51813E+12,4118.539691
1.51822E+12,-1566.621419
1.51831E+12,5847.929074349391
1.51839E+12,-10627.27413
1.51848E+12,-1205.768806
1.51857E+12,-2748.760651
1.51865E+12,-2203.344946
1.51874E+12,-2577.948702
1.51883E+12,-1018.574599
1.51891E+12,-2166.421033
1.519E+12,-2438.720687
1.51908E+12,14812.081849260105
1.51917E+12,-2731.525881
1.51926E+12,25499.904541337615
1.51934E+12,-6835.46581
1.51943E+12,14798.255515573035
1.51952E+12,4367.626313455861
1.5196E+12,6050.752202070253
1.51969E+12,-2114.092967
1.51978E+12,2633.960179840775
1.51986E+12,16628.72589365767
1.51995E+12,4109.829523590517
1.52004E+12,-3650.712931
1.52012E+12,2734.8497670462893
1.52021E+12,-38209.04592
1.52029E+12,2238.5533290394524
1.52038E+12,1406.999907
1.52047E+12,-3717.444581
1.52055E+12,-407.1031511
1.52064E+12,-1883.100336
1.52073E+12,1072.0673510864217
1.52081E+12,3850.994668941974
1.5209E+12,-9745.888328
1.52099E+12,3811.267850505966
1.52107E+12,7180.010049456032
1.52116E+12,3555.8407602529114
1.52124E+12,124.67121383304038
1.52133E+12,16844.571260870434
1.52142E+12,11913.664166598202
1.5215E+12,1780.282615004522
1.52159E+12,5637.714108013737
1.52168E+12,-9145.519818
1.52176E+12,790.4056137601146
1.52185E+12,2269.3824873433114
1.52194E+12,-2020.668284
1.52202E+12,3350.5575687065357
1.52211E+12,322.70693500436755
1.5222E+12,-804.1335491
1.52228E+12,10725.10632464818
1.52237E+12,10040.824749744655
1.52245E+12,-71.23083424
1.52254E+12,581.5072215869877
1.52263E+12,4651.559848240737
1.52271E+12,6394.666672500127
1.5228E+12,1786.9477483014052
1.52289E+12,3705.074041
1.52297E+12,-6491.579703
1.52306E+12,-990.6175792
1.52315E+12,731.2171793030211
1.52323E+12,-6962.039762
1.52332E+12,-3404.852958
1.5234E+12,12362.681240866945
1.52349E+12,14364.212583901448
1.52358E+12,-9456.064555
1.52366E+12,7857.160338541216
1.52375E+12,3211.1452468850875
1.52384E+12,-3473.50842
1.52392E+12,-9590.452817
1.52401E+12,3154.733592
1.5241E+12,4131.337158911883
1.52418E+12,-9835.221128
1.52427E+12,2777.438148044086
1.52436E+12,-6694.290281
1.52444E+12,5918.7749389403325
1.52453E+12,7406.060000318175
1.52461E+12,3348.067323256997
1.5247E+12,2960.3385620417685
1.52479E+12,2711.6519660701233
1.52487E+12,4343.762332563943
1.52496E+12,3633.180787122663
1.52505E+12,205.97374535841664
1.52513E+12,-4988.836748
1.52522E+12,-1230.460969
1.52531E+12,9324.314457129236
1.52539E+12,905.7295501182672
1.52548E+12,7167.905333818606
1.52556E+12,-4281.610041
1.52565E+12,5156.855107374111
1.52574E+12,-3577.325461
1.52582E+12,1570.2625972670066
1.52591E+12,-5306.149754
1.526E+12,4236.061332839861
1.52608E+12,6817.841428849279
1.52617E+12,-2797.886239
1.52626E+12,-6490.716493
1.52634E+12,-3789.530235
1.52643E+12,-8025.892165
1.52652E+12,15744.67900458601
1.5266E+12,-1562.8164
1.52669E+12,1152.7851479735143
1.52677E+12,-127.4466249
1.52686E+12,108.55153759108362
1.52695E+12,444.2033468531954
1.52703E+12,13230.92677387409
1.52712E+12,1202.894484293589
1.52721E+12,-6353.436152
1.52729E+12,-1557.021925
1.52738E+12,-3811.001535
1.52747E+12,-5807.782486
1.52755E+12,-1084.268012
1.52764E+12,-2201.284078
1.52772E+12,283.44260693090473
1.52781E+12,-1491.140365
1.5279E+12,6380.631157
1.52798E+12,-1212.24257
1.52807E+12,6182.4557505036355
1.52816E+12,523.8856262045447
1.52824E+12,2316.738266807515
1.52833E+12,-2797.280513
1.52842E+12,-9973.401255
1.5285E+12,569.1317489061439
1.52859E+12,5678.628921704243
1.52868E+12,-3911.955093
1.52876E+12,1821.6996855900725
1.52885E+12,5471.446950666912
1.52893E+12,-1420.737427
1.52902E+12,720.8491326172734
1.52911E+12,-1092.486104
1.52919E+12,8527.718260123973
1.52928E+12,4777.299336662218
1.52937E+12,-2013.626279
1.52945E+12,782.8198342662727
1.52954E+12,-2354.440178
1.52963E+12,5358.972987760484
1.52971E+12,-1523.657838
1.5298E+12,7288.608943860338
1.52988E+12,-3105.626566
1.52997E+12,721.2351381402477
1.53006E+12,5211.865249522525
1.53014E+12,6264.958694959874
1.53023E+12,5508.788589109732
1.53032E+12,1749.2704097103488
1.5304E+12,-153.5487157
1.53049E+12,3638.5090297054703
1.53058E+12,-7236.219775
1.53066E+12,-969.2425579
1.53075E+12,2257.0959973699864
1.53084E+12,-3056.67105
1.53092E+12,364.6656411
1.53101E+12,-29808.52426
1.53109E+12,-3494.309772
1.53118E+12,3472.3507429081947
1.53127E+12,-3607.313013
1.53135E+12,-830.7230657
1.53144E+12,-4766.780052
1.53153E+12,-2302.845849
1.53161E+12,-1964.280849
1.5317E+12,9440.744848826427
1.53179E+12,9269.227921270069
1.53187E+12,6684.208256137099
1.53196E+12,1452.3545037331642
1.53204E+12,10835.621179993512
1.53213E+12,-213.2972318
1.53222E+12,635.2364953
1.5323E+12,7509.221908786953
1.53239E+12,10214.35737646868
1.53248E+12,1686.5165081153173
1.53256E+12,-151.1365779
1.53265E+12,2395.2417271276063
1.53274E+12,1421.4819313247317
1.53282E+12,1139.475784513088
1.53291E+12,4925.615333183174
1.533E+12,6949.803352100331
1.53308E+12,-1841.700764
1.53317E+12,6560.710540467771
1.53325E+12,4603.172961
1.53334E+12,-14923.55961
1.53343E+12,3622.619667625222
1.53351E+12,-18482.79199
1.5336E+12,2900.2174379105127
1.53369E+12,9298.353016928137
1.53377E+12,4469.720110531496
1.53386E+12,-8235.88353
1.53395E+12,3084.3435393925974
1.53403E+12,-104.6524503
1.53412E+12,4917.352083106518
1.5342E+12,8428.927713512618
1.53429E+12,2607.5034341331047
1.53438E+12,1961.8928315873927
1.53446E+12,-8750.941086
1.53455E+12,2872.423065707266
1.53464E+12,-679.7787823
1.53472E+12,1834.4397090937057
1.53481E+12,5839.951523492193
1.5349E+12,9149.756146103828
1.53498E+12,2755.0720993798386
1.53507E+12,5586.938953344732
1.53516E+12,-878.1195759
1.53524E+12,1179.6965984969977
1.53533E+12,2260.419066722483
1.53541E+12,10388.735730646928
1.5355E+12,9498.301858641424
1.53559E+12,3927.965897764596
1.53567E+12,4762.083031452006
1.53576E+12,3568.6151445122814
1.53585E+12,2276.436167655269
1.53593E+12,5905.833882436869
1.53602E+12,8089.392744541845
1.53611E+12,9239.754321485154
1.53619E+12,16414.396591830096
1.53628E+12,-1913.071227
1.53636E+12,1316.300483362298
1.53645E+12,227.05359022306948
1.53654E+12,-373.6667625
1.53662E+12,139.35832785215462
1.53671E+12,392.74411884905567
1.5368E+12,4941.621874183409
1.53688E+12,2897.088458250484
1.53697E+12,1249.113818185866
1.53706E+12,-1059.501491
1.53714E+12,2910.8153064559156
1.53723E+12,-837.1291453
1.53732E+12,3341.6673040400783
1.5374E+12,3331.9901107864935
1.53749E+12,6834.081699394868
1.53757E+12,-4890.146856
1.53766E+12,-2039.53918
1.53775E+12,4650.9694459431375
1.53783E+12,-5070.088802
1.53792E+12,-1529.654518
1.53801E+12,1880.891109911463
1.53809E+12,-3083.077778
1.53818E+12,-4759.197995
1.53827E+12,1202.876075467877
1.53835E+12,-401.3549166
1.53844E+12,-372.889967
1.53852E+12,-667.557687
1.53861E+12,-564.233983
1.5387E+12,-2620.075908
1.53878E+12,-2541.563477
1.53887E+12,-2994.319288
1.53896E+12,824.5205572314699
1.53904E+12,1923.5022692625423
1.53913E+12,3705.265350481051
1.53922E+12,-4336.494454
1.5393E+12,1694.952424940093
1.53939E+12,-2778.52462
1.53948E+12,-41.98139408
1.53956E+12,5377.245383892849
1.53965E+12,-2688.789229
1.53973E+12,-555.6089617
1.53982E+12,2024.7059103973736
1.53991E+12,-347.7510109
1.53999E+12,2304.7127626324764
1.54008E+12,-385.419677
1.54017E+12,-1314.394168
1.54025E+12,1613.3038552090147
1.54034E+12,-261.2002622
1.54043E+12,-1169.248005
1.54051E+12,2406.303863216148
1.5406E+12,1099.4794271667815
1.54068E+12,-621.0269603
1.54077E+12,4170.965352271167
1.54086E+12,1537.058292465299
1.54094E+12,-21198.58818
1.54103E+12,-1367.186067
1.54112E+12,1052.155407328915
1.5412E+12,-2801.183646
1.54129E+12,309.2695924391737
1.54138E+12,-141.4823397
1.54146E+12,7273.613694658925
1.54155E+12,4463.247082158363
1.54164E+12,1754.027633341917
1.54172E+12,5073.989538
1.54181E+12,463.73946913821055
1.54189E+12,1361.338091501675
1.54198E+12,6614.109228956615
1.54207E+12,5429.264991280754
1.54215E+12,18013.870224450307
1.54224E+12,13265.32393480472
1.54233E+12,-6152.628415
1.54241E+12,2668.034731559492
1.5425E+12,-1763.681671
1.54259E+12,28898.044184823215
1.54267E+12,40548.29068408569
1.54276E+12,-1012.517404
1.54284E+12,-4379.770043
1.54293E+12,9557.498711
1.54302E+12,13534.543007722516
1.5431E+12,24925.480869249775
1.54319E+12,12295.667932810597
1.54328E+12,2361.015315256387
1.54336E+12,-410.658244
1.54345E+12,-5569.016428
1.54354E+12,-4841.618283
1.54362E+12,947.2960495502048
1.54371E+12,1266.6143258640768
1.5438E+12,1103.7114229166036
1.54388E+12,2144.3856002841203
1.54397E+12,7812.085410085914
1.54405E+12,3059.3076535793225
1.54414E+12,19538.08938094655
1.54423E+12,2738.7528598407007
1.54431E+12,-1963.081941
1.5444E+12,504.9900189390173
1.54449E+12,6257.550973437348
1.54457E+12,5866.122012206455
1.54466E+12,4952.247749099872
1.54475E+12,-2546.421064
1.54483E+12,1436.4330732432572
1.54492E+12,271.03114169970286
1.545E+12,8463.284282852532
1.54509E+12,-7465.105876
1.54518E+12,8220.143760458363
1.54526E+12,11740.74645092296
1.54535E+12,17311.162266151237
1.54544E+12,-834.9806002
1.54552E+12,5456.738024926242
1.54561E+12,5360.888462748153
1.5457E+12,1263.2375800006191
1.54578E+12,2585.534996057693
1.54587E+12,-733.0894361
1.54596E+12,605.6576597994426
1.54604E+12,-7510.515672
1.54613E+12,-1426.532194
1.54621E+12,-524.5882316
1.5463E+12,-851.6275627
1.54639E+12,-2847.637322
1.54647E+12,-16997.54257
1.54656E+12,-399.1640362
1.54665E+12,5084.969248716428
1.54673E+12,3822.266207949324
1.54682E+12,6092.395602468248
1.54691E+12,-675.5935947
1.54699E+12,2664.5152574000313
1.54708E+12,410.02536259368935
1.54716E+12,-3110.666642
1.54725E+12,-1283.900058
1.54734E+12,12.85962053728872
1.54742E+12,3492.411227074299
1.54751E+12,1549.0598733595325
1.5476E+12,2673.1126870035223
1.54768E+12,1697.2908686376031
1.54777E+12,-2034.479156
1.54786E+12,-520.2455043
1.54794E+12,740.5818385806451
1.54803E+12,-1709.653327
1.54812E+12,454.0221905835715
1.5482E+12,-888.0083664
1.54829E+12,-1080.306308
1.54837E+12,-2277.106101
1.54846E+12,-1286.532492
1.54855E+12,741.5417161332116
1.54863E+12,3503.004322252411
1.54872E+12,408.3493493963979
1.54881E+12,-15275.03505
1.54889E+12,11256.117570774775
1.54898E+12,2126.8171070873577
1.54907E+12,-4931.356924
1.54915E+12,1465.9131596175284
1.54924E+12,-662.4539807
1.54932E+12,-1071.997008
1.54941E+12,1470.432066427049
1.5495E+12,9905.28072
1.54958E+12,5959.394811496233
1.54967E+12,1347.0500583827816
1.54976E+12,-128.3290575
1.54984E+12,-3736.520017
1.54993E+12,2936.628508
1.55002E+12,839.9197980527679
1.5501E+12,-126.908358
1.55019E+12,-4801.788054
1.55028E+12,2822.604980562792
1.55036E+12,-1170.998308
1.55045E+12,2563.4026900767058
1.55053E+12,5761.567450798379
1.55062E+12,-4848.815023
1.55071E+12,1406.745202105747
1.55079E+12,4327.440326428012
1.55088E+12,-177.1267239
1.55097E+12,666.0555112285801
1.55105E+12,-1926.084168
1.55114E+12,-1407.237784
1.55123E+12,-1154.245776
1.55131E+12,6461.496836099024
1.5514E+12,-4930.822447
1.55148E+12,1552.416496211743
1.55157E+12,-43.48727866
1.55166E+12,5181.343913348588
1.55174E+12,-2979.057238
1.55183E+12,-6396.520045
1.55192E+12,3233.2878031141445
1.552E+12,838.5816031240101
1.55209E+12,-241.2109724
1.55218E+12,-1065.154523
1.55226E+12,-2613.258292
1.55235E+12,6438.055353264397
1.55244E+12,3931.355423965171
1.55252E+12,-13280.88157
1.55261E+12,-3764.961439
1.55269E+12,851.2110859929635
1.55278E+12,-1401.356359
1.55287E+12,1580.6613572895876
1.55295E+12,4642.443578617545
1.55304E+12,3487.7999108661315
1.55313E+12,-2708.610111
1.55321E+12,-2529.745188
1.5533E+12,-778.4583253
1.55339E+12,-925.7549789
1.55347E+12,-3051.97652
1.55356E+12,6978.595068838265
1.55364E+12,-7374.775456
1.55373E+12,1426.851626971431
1.55382E+12,-1736.486826
1.5539E+12,-1460.11822
1.55399E+12,2943.5335963339894
1.55408E+12,-3116.147465
1.55416E+12,17097.757395750756
1.55425E+12,5680.744564340668
1.55434E+12,-3903.930968
1.55442E+12,2987.1270180404754
1.55451E+12,-344.8291892
1.5546E+12,3824.177212417235
1.55468E+12,8725.929389990386
1.55477E+12,-1679.431684
1.55485E+12,-8277.359859
1.55494E+12,-2963.151445
1.55503E+12,-110.0486091
1.55511E+12,-4830.673092
1.5552E+12,-3611.276729
1.55529E+12,8136.469240351493
1.55537E+12,-2925.563958
1.55546E+12,-2572.694936
1.55555E+12,-3215.439209
1.55563E+12,2425.2703893411817
1.55572E+12,-2137.488806
1.5558E+12,769.2906293057604
1.55589E+12,2100.8121373156464
1.55598E+12,-628.8956724
1.55606E+12,7145.759438339999
1.55615E+12,5753.746557
1.55624E+12,-19187.28858
1.55632E+12,-5338.592763
1.55641E+12,-6944.414617
1.5565E+12,-1940.199922
1.55658E+12,-134.7587997
1.55667E+12,1091.318799115557
1.55676E+12,-1964.480532
1.55684E+12,6137.528579859209
1.55693E+12,2093.180597313869
1.55701E+12,-5499.241177
1.5571E+12,-1756.053961
1.55719E+12,-17582.9488
1.55727E+12,-6397.562406
1.55736E+12,7960.454157413376
1.55745E+12,-372.611072
1.55753E+12,-1359.038115
1.55762E+12,1564.905934639086
1.55771E+12,9889.769643025938
1.55779E+12,-3635.136375
1.55788E+12,-28509.07355
1.55796E+12,2758.7701087147143
1.55805E+12,-4711.747054
1.55814E+12,-3925.504928
1.55822E+12,7199.783379166824
1.55831E+12,486.18739544980053
1.5584E+12,1872.415556583248
1.55848E+12,-4934.289176
1.55857E+12,5755.107283792888
1.55866E+12,2950.896973152332
1.55874E+12,-952.4366329
1.55883E+12,5900.341635610104
1.55892E+12,6590.284561863991
1.559E+12,6256.873603929307
1.55909E+12,3713.258740090168
1.55917E+12,10655.134545938032
1.55926E+12,-5322.95153
1.55935E+12,2016.659634
1.55943E+12,3639.249979659595
1.55952E+12,2928.3731553309117
1.55961E+12,24908.904403615088
1.55969E+12,-848.8185163
1.55978E+12,911.7241312340848
1.55987E+12,-3111.423099
1.55995E+12,-692.2892704
1.56004E+12,-670.6331532
1.56012E+12,1159.6362489987514
1.56021E+12,347.50414080122573
1.5603E+12,5468.7228971834775
1.56038E+12,3600.510235867223
1.56047E+12,-5345.177273
1.56056E+12,-0.965053237
1.56064E+12,11763.490894740067
1.56073E+12,4752.726539498952
1.56082E+12,7666.234417429048
1.5609E+12,1185.8011165059145
1.56099E+12,4070.121422533819
1.56108E+12,-1184.423695
1.56116E+12,11821.671120370263
1.56125E+12,3309.505283518447
1.56133E+12,2325.7586097450694
1.56142E+12,1730.5150533891428
1.56151E+12,27921.71891580113
1.56159E+12,17297.207725585322
1.56168E+12,1883.1931172853072
1.56177E+12,-2932.223467
1.56185E+12,22450.160288664727
1.56194E+12,7681.183651272157
1.56203E+12,5287.888858
1.56211E+12,-3299.294609
1.5622E+12,-2670.261591
1.56228E+12,-6303.453968
1.56237E+12,-1358.698641
1.56246E+12,138.04760718391117
1.56254E+12,14021.658591293046
1.56263E+12,8957.181784339657
1.56272E+12,9866.644950947462
1.5628E+12,8422.749827651758
1.56289E+12,-13362.54007
1.56298E+12,211.8885438459547
1.56306E+12,4702.993603829036
1.56315E+12,-1448.673085
1.56324E+12,4586.6318604411645
1.56332E+12,2802.573394442472
1.56341E+12,6566.127298582891
1.56349E+12,-410.7827247
1.56358E+12,966.0100184070689
1.56367E+12,-1355.701067
1.56375E+12,4218.100156082655
1.56384E+12,-9398.887496
1.56393E+12,475.1349661945278
1.56401E+12,-5857.625289
1.5641E+12,-5795.557333
1.56419E+12,-949.9290109
1.56427E+12,125.63016053799949
1.56436E+12,3503.794960781194
1.56444E+12,-3165.903968
1.56453E+12,1558.796968082992
1.56462E+12,4010.058742561326
1.5647E+12,8342.935399787377
1.56479E+12,2661.2420727870194
1.56488E+12,1434.7715940360067
1.56496E+12,6127.337510847065
1.56505E+12,-33691.53448
1.56514E+12,-15055.82973
1.56522E+12,1907.938396
1.56531E+12,2941.0663413337606
1.5654E+12,1762.3019110820533
1.56548E+12,200.88418270404873
1.56557E+12,4044.0752828653312
1.56565E+12,1090.924128436738
1.56574E+12,980.2992317
1.56583E+12,1870.1825265332443
1.56591E+12,-3454.582793
1.566E+12,-797.6183644
1.56609E+12,1289.290987051374
1.56617E+12,-585.4657236
1.56626E+12,958.1758785578096
1.56635E+12,-554.357857
1.56643E+12,4747.611780885432
1.56652E+12,-794.325242
1.5666E+12,-2067.066856
1.56669E+12,1735.433771225129
1.56678E+12,7708.203933580789
1.56686E+12,4014.572542667276
1.56695E+12,274.2814760930196
1.56704E+12,-5466.16145
1.56712E+12,-5317.334111
1.56721E+12,-867.5609673
1.5673E+12,-353.8585791
1.56738E+12,4806.862589648881
1.56747E+12,7096.052087759286
1.56756E+12,1645.893442332621
1.56764E+12,10380.765384718845
1.56773E+12,3375.19052
1.56781E+12,-500.4374415
1.5679E+12,1984.9244755236375
1.56799E+12,-440.7962473
1.56807E+12,-3151.708593
1.56816E+12,2046.0988907733629
1.56825E+12,3741.3670876721662
1.56833E+12,1314.6268450444331
1.56842E+12,811.2597250215113
1.56851E+12,1318.9888529362506
1.56859E+12,3278.2757110380226
1.56868E+12,4327.985770314452
1.56876E+12,1950.9343490890096
1.56885E+12,-465.2206318
1.56894E+12,2741.9249466776964
1.56902E+12,4237.710162663727
1.56911E+12,506.0930376093093
1.5692E+12,1116.8554942145165
1.56928E+12,23839.279787729218
1.56937E+12,7558.659229788915
1.56946E+12,2481.328876635984
1.56954E+12,-2983.634416
1.56963E+12,-1234.329833
1.56972E+12,-2029.396435
1.5698E+12,1928.7376259278171
1.56989E+12,-1326.987328
1.56997E+12,-778.7308948
1.57006E+12,-636.3455542
1.57015E+12,-1915.687333
1.57023E+12,1289.3094335128426
1.57032E+12,1329.6871901706472
1.57041E+12,-783.4396687
1.57049E+12,3687.047152006297
1.57058E+12,3220.696604044555
1.57067E+12,5221.829802812725
1.57075E+12,-3647.821197
1.57084E+12,-1461.554678
1.57092E+12,2544.251967325419
1.57101E+12,3463.8196444346104
1.5711E+12,6774.416296173193
1.57118E+12,1156.1775218578405
1.57127E+12,1164.600257313963
1.57136E+12,-963.4394965
1.57144E+12,-700.0458973
1.57153E+12,671.3051702689227
1.57162E+12,6306.314887705303
1.5717E+12,2701.092547338958
1.57179E+12,643.7862065215959
1.57188E+12,-3385.166257
1.57196E+12,8129.723368520579
1.57205E+12,14701.45414232761
1.57213E+12,3624.029498472515
1.57222E+12,-1538.194925
1.57231E+12,865.9632545054556
1.57239E+12,1153.3133042703705
1.57248E+12,2389.530673068759
1.57257E+12,-39950.88112
1.57265E+12,744.3595705970711
1.57274E+12,-566.7960756
1.57283E+12,2870.5692902166484
1.57291E+12,8024.751792019008
1.573E+12,8917.229150271865
1.57308E+12,2362.164559112898
1.57317E+12,-11982.65625
1.57326E+12,400.5687129932448
1.57334E+12,-181.5848004
1.57343E+12,2460.5047964469704
1.57352E+12,-5887.413893
1.5736E+12,5252.048766056701
1.57369E+12,-2872.595004
1.57378E+12,-2612.875685
1.57386E+12,563.3060835384331
1.57395E+12,315.89280811321805
1.57404E+12,6505.637870142913
1.57412E+12,3157.2599783079568
1.57421E+12,-962.2241693
1.57429E+12,3836.923663224901
1.57438E+12,-786.8199981
1.57447E+12,-1438.810703
1.57455E+12,2084.845529578666
1.57464E+12,5485.096898619406
1.57473E+12,3414.384525466805
1.57481E+12,16997.15502967198
1.5749E+12,-869.9836151
1.57499E+12,-5747.9247
1.57507E+12,-5115.802472
1.57516E+12,-5101.346678
1.57524E+12,5791.903491282646
1.57533E+12,-6102.140569
1.57542E+12,2890.192115
1.5755E+12,909.1103959291796
1.57559E+12,-2173.755041
1.57568E+12,1325.2193889178998
1.57576E+12,773.2999127173935
1.57585E+12,5038.655626833643
1.57594E+12,-1051.197191
1.57602E+12,586.8566931
1.57611E+12,-112.7379029
1.5762E+12,2416.4401708951264
1.57628E+12,-334.7550579
1.57637E+12,-1120.187917
1.57645E+12,7323.251309498832
1.57654E+12,2227.522175610349
1.57663E+12,1651.8376859799391
1.57671E+12,864.6011078562151
1.5768E+12,-228.448577
1.57689E+12,-1100.522308
1.57697E+12,372.8058807755806
1.57706E+12,5581.23985
1.57715E+12,-2061.955683
1.57723E+12,550.9047465986514
1.57732E+12,4368.314906073265
1.5774E+12,1419.6132627647455
1.57749E+12,840.3276285036227
1.57758E+12,1431.0692400334265
1.57766E+12,661.6316532710189
1.57775E+12,-1703.222526
1.57784E+12,3364.505442043035
1.57792E+12,1853.1354095843708
1.57801E+12,2897.774446216885
1.5781E+12,5639.604847185135
1.57818E+12,1102.2051079738412
1.57827E+12,1108.724152785035
1.57836E+12,3489.9069286755985
1.57844E+12,3093.163685731408
1.57853E+12,5204.959687886105
1.57861E+12,545.1936389
1.5787E+12,277.93438811343003
1.57879E+12,-1789.523071
1.57887E+12,4987.111207397909
1.57896E+12,12326.95811164903
1.57905E+12,-526.350728
1.57913E+12,-1982.99067
1.57922E+12,980.5843486365848
1.57931E+12,-411.1868963
1.57939E+12,2526.222012014001
1.57948E+12,-2378.262023
1.57956E+12,2415.584486305961
1.57965E+12,-3526.319493
1.57974E+12,950.6829535847864
1.57982E+12,-461.54064
1.57991E+12,-1542.999215
1.58E+12,4747.644885913738
1.58008E+12,4916.057294050865
1.58017E+12,7413.922063009937
1.58026E+12,4769.279110776966
1.58034E+12,1664.0960600335893
1.58043E+12,-7615.522145
1.58052E+12,1282.1143440844462
1.5806E+12,-52.76976583
1.58069E+12,3337.003811972856
1.58077E+12,5725.361336777438
1.58086E+12,3964.0995365557246
1.58095E+12,797.5974665877366
1.58103E+12,-28.59224995
1.58112E+12,-9768.65584
1.58121E+12,5666.614358479517
1.58129E+12,1375.602474
1.58138E+12,6023.322984040264
1.58147E+12,3295.197397949123
1.58155E+12,1433.758213062145
1.58164E+12,-3831.039109
1.58172E+12,2586.3709113387595
1.58181E+12,1786.8216200105053
1.5819E+12,1352.870381728564
1.58198E+12,4689.937602925667
1.58207E+12,217.8091022566805
1.58216E+12,-1194.994097
1.58224E+12,-10658.80716
1.58233E+12,-791.7509681
1.58242E+12,2052.651411142957
1.5825E+12,1242.0779666474846
1.58259E+12,-2455.67393
1.58268E+12,6104.488444764647
1.58276E+12,-4135.167028
1.58285E+12,-1109.27765
1.58293E+12,-1520.328208
1.58302E+12,843.1369100041738
1.58311E+12,7248.749364582429
1.58319E+12,-9765.51159
1.58328E+12,-8983.063168
1.58337E+12,-8570.207798
1.58345E+12,-10952.70737
1.58354E+12,1912.3043885862064
1.58363E+12,3324.533009397099
1.58371E+12,15464.934454955146
1.5838E+12,-86.48022748
1.58388E+12,3709.375705690618
1.58397E+12,35819.059844913456
1.58406E+12,35038.20535708527
1.58414E+12,9328.866033232887
1.58423E+12,1254.1681331993896
1.58432E+12,-27571.02398
1.5844E+12,-3081.47918
1.58449E+12,-16087.88576
1.58458E+12,-15231.37641
1.58466E+12,5189.569922847135
1.58475E+12,-12221.74486
1.58484E+12,1008.7455634492144
1.58492E+12,-967.821261
1.58501E+12,-10473.70823
1.58509E+12,-5544.301117
1.58518E+12,2682.2949600995853
1.58527E+12,-9041.217793
1.58535E+12,-7599.111575
1.58544E+12,5404.805017503342
1.58553E+12,225.12770382468443
1.58561E+12,-4853.25938
1.5857E+12,-803.4054089
1.58579E+12,2600.245373665035
1.58587E+12,-6880.42419
1.58596E+12,-2979.015368
1.58604E+12,-927.1038522
1.58613E+12,8863.382765217488
1.58622E+12,11208.524343339115
1.5863E+12,-1132.18956
1.58639E+12,-11827.09646
1.58648E+12,-6217.498134
1.58656E+12,-5168.034688
1.58665E+12,-2962.260029
1.58674E+12,-9482.737345
1.58682E+12,-2565.400747
1.58691E+12,9804.371982078555
1.587E+12,4797.164699480694
1.58708E+12,-5672.484108
1.58717E+12,903.0325448
1.58725E+12,698.0546690691044
1.58734E+12,-2366.606034
1.58743E+12,-6731.975435
1.58751E+12,-7689.97515
1.5876E+12,9931.87114
1.58769E+12,-3607.789004
1.58777E+12,-1518.633919
1.58786E+12,333.1817072
1.58795E+12,1319.2540858722425
1.58803E+12,-5373.911171
1.58812E+12,-1159.784069
1.5882E+12,3583.276750501929
1.58829E+12,7427.721801
1.58838E+12,4016.4930090414055
1.58846E+12,4597.830742881997
1.58855E+12,-4779.123939
1.58864E+12,1670.8096735235667
1.58872E+12,-2180.715698
1.58881E+12,6086.408362844682
1.5889E+12,7167.516570106018
1.58898E+12,1181.767090553105
1.58907E+12,1875.5387149084856
1.58916E+12,-3056.283946
1.58924E+12,-20917.41779
1.58933E+12,-4914.833652
1.58941E+12,2592.967501
1.5895E+12,113.91510773761549
1.58959E+12,215.0158336062741
1.58967E+12,477.2714724999969
1.58976E+12,742.634316
1.58985E+12,-7358.893712
1.58993E+12,1250.0024135145795
1.59002E+12,8837.689397704038
1.59011E+12,-3443.830828
1.59019E+12,-1833.362712
1.59028E+12,-2682.251922
1.59036E+12,-14835.07471
1.59045E+12,-1797.426997
1.59054E+12,1339.5854106128827
1.59062E+12,3241.974946810893
1.59071E+12,-4191.477111
1.5908E+12,3958.4557283183094
1.59088E+12,2430.3225098822622
1.59097E+12,-4682.592072
1.59106E+12,14361.008891731908
1.59114E+12,-13939.67648
1.59123E+12,-2324.256758
1.59132E+12,-11988.27701
1.5914E+12,-1296.748753
1.59149E+12,167.5126737496903
1.59157E+12,-10673.12734
1.59166E+12,-4520.507784
1.59175E+12,1777.968377702717
1.59183E+12,8738.991781367004
1.59192E+12,-8987.920583
1.59201E+12,-512.2299708
1.59209E+12,-196.7591976
1.59218E+12,-2957.083223
1.59227E+12,-514.047085
1.59235E+12,-1629.903324
1.59244E+12,-12672.24102
1.59252E+12,-3081.012652
1.59261E+12,-2105.552629
1.5927E+12,197.89234401172507
1.59278E+12,-1090.023815
1.59287E+12,234.3858162483084
1.59296E+12,7563.127832565173
1.59304E+12,-1883.458517
1.59313E+12,-3823.014003
1.59322E+12,-668.9323023
1.5933E+12,1562.3277323904622
1.59339E+12,485.69904327208496
1.59348E+12,-4399.400323
1.59356E+12,7071.787016914561
1.59365E+12,10272.944458706144
1.59373E+12,-4104.407805
1.59382E+12,1978.3724071544748
1.59391E+12,102.27267103437408
1.59399E+12,-1657.245137
1.59408E+12,2130.9125795512227
1.59417E+12,1545.6686312591264
1.59425E+12,7287.417112616415
1.59434E+12,-2026.433591
1.59443E+12,2461.6532727074773
1.59451E+12,-1915.832033
1.5946E+12,-4172.408621
1.59468E+12,11190.56542077315
1.59477E+12,-5561.064671
1.59486E+12,-869.8773034
1.59494E+12,-5072.050342
1.59503E+12,1101.3045921059747
1.59512E+12,-1980.047214
1.5952E+12,-1446.937603
1.59529E+12,564.9219316864474
1.59538E+12,13087.215675858388
1.59546E+12,279.9209556032438
1.59555E+12,222.3445401477584
1.59564E+12,-2323.140406
1.59572E+12,6185.190476177711
1.59581E+12,14803.123654424053
1.59589E+12,8091.647880136297
1.59598E+12,-1714.69583
1.59607E+12,2874.9883363079134
1.59615E+12,-6653.96502
1.59624E+12,6198.666407204531
1.59633E+12,-1202.812085
1.59641E+12,-3528.044836
1.5965E+12,-1849.176212
1.59659E+12,-9097.521258
1.59667E+12,3314.9903078186617
1.59676E+12,-7309.847959
1.59684E+12,2026.4390507786736
1.59693E+12,-5420.202802
1.59702E+12,-2797.395777
1.5971E+12,24.939576796561596
1.59719E+12,-9174.257154
1.59728E+12,1944.9029206605264
1.59736E+12,-11061.98505
1.59745E+12,-5353.177103
1.59754E+12,-4491.252934
1.59762E+12,-3741.441119
1.59771E+12,8345.074537756023
1.5978E+12,-6837.121165
1.59788E+12,-2759.287388
1.59797E+12,7662.622467588364
1.59805E+12,-3060.472143
1.59814E+12,-1921.25972
1.59823E+12,-4677.486642
1.59831E+12,-40.92880843
1.5984E+12,-5044.827283
1.59849E+12,-1790.882372
1.59857E+12,2544.073231146991
1.59866E+12,-1061.491273
1.59875E+12,2516.4838987757757
1.59883E+12,-8690.969213
1.59892E+12,3238.662247015236
1.599E+12,-3121.180409
1.59909E+12,1655.866015
1.59918E+12,2641.314806888462
1.59926E+12,3026.780421965974
1.59935E+12,-1752.614215
1.59944E+12,2390.420268960457
1.59952E+12,-1363.691762
1.59961E+12,-7172.448178
1.5997E+12,-6093.861865
1.59978E+12,-2771.365899
1.59987E+12,-2254.588356
1.59996E+12,-1382.732278
1.60004E+12,1257.1146501631738
1.60013E+12,-1639.83839
1.60021E+12,2233.2666511072093
1.6003E+12,-1260.519093
1.60039E+12,-6248.437933
1.60047E+12,-573.4296671
1.60056E+12,1509.7110916912643
1.60065E+12,3831.485888855699
1.60073E+12,-1312.458124
1.60082E+12,-11527.48182
1.60091E+12,-4227.365428
1.60099E+12,-4337.489422
1.60108E+12,-3871.011832
1.60116E+12,-2789.146182
1.60125E+12,-976.8143264
1.60134E+12,-2945.390853
1.60142E+12,-2307.442325
1.60151E+12,466.93950152082107
1.6016E+12,-25353.39323
1.60168E+12,978.2137821185534
1.60177E+12,424.61096562848616
1.60186E+12,-1177.988111
1.60194E+12,1773.2815379515887
1.60203E+12,-12819.45726
1.60212E+12,1003.0247436372812
1.6022E+12,5234.368357117593
1.60229E+12,3493.300472709569
1.60237E+12,-1823.722534
1.60246E+12,7254.760159094789
1.60255E+12,-3358.433156
1.60263E+12,-6555.765417
1.60272E+12,-12289.17498
1.60281E+12,-14979.39108
1.60289E+12,-8977.321898
1.60298E+12,-3307.673544
1.60307E+12,-3939.62376
1.60315E+12,1530.781602453222
1.60324E+12,7979.676753940294
1.60332E+12,-635.3789627
1.60341E+12,-6623.958909
1.6035E+12,-2363.716904
1.60358E+12,-3016.041171
1.60367E+12,-1980.743632
1.60376E+12,-6706.193664
1.60384E+12,5206.038083724794
1.60393E+12,5050.072029410017
1.60402E+12,-10018.56511
1.6041E+12,1703.2088374854648
1.60419E+12,-1392.032795
1.60428E+12,-21362.67669
1.60436E+12,-19451.3027
1.60445E+12,-8521.846767
1.60453E+12,4828.8967279112985
1.60462E+12,-2884.313901
1.60471E+12,4281.323072022693
1.60479E+12,-3100.826673
1.60488E+12,-1886.1404
1.60497E+12,-13718.55454
1.60505E+12,847.5120131505901
1.60514E+12,-964.1547476
1.60523E+12,-2327.256601
1.60531E+12,-1041.970149
1.6054E+12,-1616.099066
1.60548E+12,-1847.624403
1.60557E+12,7617.111739029715
1.60566E+12,-251.6839519
1.60574E+12,8.691831159012509
1.60583E+12,-1197.444911
1.60592E+12,7781.669038192645
1.606E+12,1092.8213059576374
1.60609E+12,4805.075343166667
1.60618E+12,-624.6897367
1.60626E+12,5933.373818610118
1.60635E+12,15039.83038330375
1.60644E+12,-4903.054472
1.60652E+12,-4657.430698
1.60661E+12,-2669.712362
1.60669E+12,3680.782828919473
1.60678E+12,3972.425691237528
1.60687E+12,-1075.068203
1.60695E+12,1891.8923425500109
1.60704E+12,-4916.620037
1.60713E+12,1882.086943832419
1.60721E+12,-3167.739301
1.6073E+12,3295.3367504692724
1.60739E+12,-9026.482632
1.60747E+12,-3119.058355
1.60756E+12,-6030.146253
1.60764E+12,7410.764829589563
1.60773E+12,10218.3928
1.60782E+12,7850.793923
1.6079E+12,8985.573139941487
1.60799E+12,4404.651263850108
1.60808E+12,8991.679919
1.60816E+12,17513.508762656653
1.60825E+12,4539.358469230006
1.60834E+12,6766.271999715464
1.60842E+12,-3696.749664
1.60851E+12,5436.057103519983
1.6086E+12,-16570.12051
1.60868E+12,-28551.30333
1.60877E+12,5711.864851314283
1.60885E+12,8211.484711675817
1.60894E+12,1151.441549865267
1.60903E+12,11209.549775771346
1.60911E+12,-4306.674691
1.6092E+12,-9083.440257
1.60929E+12,-5621.67555
1.60937E+12,-6379.504261
1.60946E+12,-4018.701059
1.60955E+12,14533.020488874332
1.60963E+12,16785.862863969443
1.60972E+12,4203.542688168891
1.6098E+12,150.77698464502464
1.60989E+12,-10056.40341
1.60998E+12,7686.606984171885
1.61006E+12,11692.800300089655
1.61015E+12,8307.310760710621
1.61024E+12,12071.68840907116
1.61032E+12,12844.36952
1.61041E+12,1378.015293840639
1.6105E+12,-1771.237017
1.61058E+12,-2774.477998
1.61067E+12,1215.3713832635983
1.61076E+12,1932.723746456504
1.61084E+12,-3159.318995
1.61093E+12,-2439.268256
1.61101E+12,-5933.18418
1.6111E+12,473.9454686437821
1.61119E+12,646.6828795667534
1.61127E+12,454.8726625605341
1.61136E+12,4003.199684627325
1.61145E+12,-336.4557628
1.61153E+12,9897.174849668576
1.61162E+12,-3209.58529
1.61171E+12,2121.032701462842
1.61179E+12,70.64195653826755
1.61188E+12,15288.002854260732
1.61196E+12,-6871.800654
1.61205E+12,-6052.570118
1.61214E+12,-1992.491103
1.61222E+12,-2696.672096
1.61231E+12,2980.339216
1.6124E+12,-3449.136493
1.61248E+12,-4646.075701
1.61257E+12,14096.258843808091
1.61266E+12,-4671.243669
1.61274E+12,12088.78121695295
1.61283E+12,1558.375945
1.61292E+12,3722.327007883235
1.613E+12,3636.1690004992342
1.61309E+12,-5448.059819
1.61317E+12,-4734.341796
1.61326E+12,4339.815174384847
1.61335E+12,-3932.151002
1.61343E+12,6458.185903041296
1.61352E+12,9135.305421
1.61361E+12,-1961.352344
1.61369E+12,6592.173308739191
1.61378E+12,11956.30448589284
1.61387E+12,3426.975717221292
1.61395E+12,5663.487107769295
1.61404E+12,12756.261893086048
1.61412E+12,-6620.221811
1.61421E+12,-856.9099671
1.6143E+12,4524.660358822468
1.61438E+12,2712.8924418670103
1.61447E+12,8900.400275374119
1.61456E+12,-9176.207623
1.61464E+12,-7446.474186
1.61473E+12,3096.2195402327197
1.61482E+12,4131.4186852466955
1.6149E+12,19528.47291
1.61499E+12,6434.15102
1.61508E+12,2738.2365120831164
1.61516E+12,-1770.491857
1.61525E+12,2855.210022882711
1.61533E+12,-1461.397269
1.61542E+12,4881.916447243384
1.61551E+12,-5236.457314
1.61559E+12,7478.133571193641
1.61568E+12,13637.920235846992
1.61577E+12,-9504.24134
1.61585E+12,1598.8346583892053
1.61594E+12,1540.649936382746
1.61603E+12,8371.461666383337
1.61611E+12,2073.0648046192728
1.6162E+12,1910.5243172775808
1.61628E+12,-3136.311234
1.61637E+12,-3118.815749
1.61646E+12,2027.295290498412
1.61654E+12,-1229.838364
1.61663E+12,-7901.787147
1.61672E+12,-2799.70217
1.6168E+12,-2809.937955
1.61689E+12,156.03976602156035
1.61698E+12,705.7879715500676
1.61706E+12,8014.069052252329
1.61715E+12,936.4214942831096
1.61724E+12,-2230.425269
1.61732E+12,-5758.27226
1.61741E+12,3157.16068
1.61749E+12,5.8249338301611715
1.61758E+12,-5472.529759
1.61767E+12,-5576.318623
1.61775E+12,-758.7390004
1.61784E+12,-53.34035308
1.61793E+12,-2363.7036
1.61801E+12,10227.4087
1.6181E+12,-2805.342696
1.61819E+12,8587.129182983022
1.61827E+12,10292.40172730702
1.61836E+12,1508.500200587645
1.61844E+12,1000.5280771121396
1.61853E+12,-453.2209055
1.61862E+12,-5787.08794
1.6187E+12,-10292.35602
1.61879E+12,-2150.515591
1.61888E+12,2883.6512814436937
1.61896E+12,622.2294622402333
1.61905E+12,25116.54158739525
1.61914E+12,8735.765416235852
1.61922E+12,-1261.842242
1.61931E+12,1313.5405552808988
1.6194E+12,-4720.942644
1.61948E+12,776.5419941632863
1.61957E+12,5054.367176
1.61965E+12,9704.026261755767
1.61974E+12,-5484.75505
1.61983E+12,2011.785051860963
1.61991E+12,1698.0524439631663
1.62E+12,654.3568223129696
1.62009E+12,4226.577972337793
1.62017E+12,1117.635966561873
1.62026E+12,3846.902831531741
1.62035E+12,-8327.26652
1.62043E+12,5565.644972296017
1.62052E+12,3005.0714274572383
1.6206E+12,10743.457176093609
1.62069E+12,-2518.273027
1.62078E+12,30697.464836155898
1.62086E+12,11854.589942743172
1.62095E+12,3289.4366271152685
1.62104E+12,4896.467200291576
1.62112E+12,8665.887194770512
1.62121E+12,30895.21370778892
1.6213E+12,1562.0571102213437
1.62138E+12,31546.787660328555
1.62147E+12,-8517.903857
1.62156E+12,-5466.392137
1.62164E+12,2515.7468284860006
1.62173E+12,3642.396105381529
1.62181E+12,-8347.186399
1.6219E+12,5633.8766846166545
1.62199E+12,6695.313274729044
1.62207E+12,4570.111150832017
1.62216E+12,10149.592371519771
1.62225E+12,4866.930134176502
1.62233E+12,-1507.335897
1.62242E+12,3590.930325313646
1.62251E+12,1071.217527585999
1.62259E+12,-3450.457447
1.62268E+12,3254.816714436216
1.62276E+12,1356.2857330960103
1.62285E+12,6692.434375631696
1.62294E+12,-3417.69817
1.62302E+12,-3124.445768
1.62311E+12,-1380.557386
1.6232E+12,-5309.881361
1.62328E+12,8235.444120309912
1.62337E+12,-3119.01503
1.62346E+12,1148.7390729086328
1.62354E+12,2401.9878666468103
1.62363E+12,5186.319933214138
1.62372E+12,6046.375026512389
1.6238E+12,6265.550329880309
1.62389E+12,-437.598971
1.62397E+12,9159.218383709114
1.62406E+12,3120.5356127833547
1.62415E+12,5594.088707899264
1.62423E+12,5965.862056
1.62432E+12,926.8867929253174
1.62441E+12,-2030.548602
1.62449E+12,494.8705492
1.62458E+12,-7207.565738
1.62467E+12,-1837.157588
1.62475E+12,2785.6517907244415
1.62484E+12,-488.2770868
1.62492E+12,505.96738395024295
1.62501E+12,-6597.302459
1.6251E+12,-4231.959278
1.62518E+12,-3449.570332
1.62527E+12,42.27658955116567
1.62536E+12,1217.130219251183
1.62544E+12,1475.239335276041
1.62553E+12,-3753.651792
1.62562E+12,-8069.340326
1.6257E+12,-2767.77286
1.62579E+12,2161.351499856566
1.62588E+12,-556.1515521
1.62596E+12,-127.1227517
1.62605E+12,840.9568495
1.62613E+12,-593.5365322
1.62622E+12,-309.8681194
1.62631E+12,1203.4372761975392
1.62639E+12,-3747.12884
1.62648E+12,27632.164092272767
1.62657E+12,40.96768848577631
1.62665E+12,5415.932519292903
1.62674E+12,-4807.042405
1.62683E+12,-3808.462409
1.62691E+12,6080.721096
1.627E+12,-384.7432204
1.62708E+12,3337.5042340236105
1.62717E+12,-4941.337317
1.62726E+12,13078.30249347964
1.62734E+12,3894.2061616112696
1.62743E+12,-48566.71682
1.62752E+12,-29391.04272
1.6276E+12,510.0938979629791
1.62769E+12,385.71871968605046
1.62778E+12,6291.463893027318
1.62786E+12,4813.162485182413
1.62795E+12,3991.035422908637
1.62804E+12,-14038.95124
1.62812E+12,7289.250432796092
1.62821E+12,8148.6573366910525
1.62829E+12,2462.1980978906613
1.62838E+12,4480.163975375159
1.62847E+12,-5148.920411
1.62855E+12,6679.468078382648
1.62864E+12,-9565.455863
1.62873E+12,4916.617087614071
1.62881E+12,-172.0469889
1.6289E+12,843.4330980853083
1.62899E+12,2603.3926061840066
1.62907E+12,3412.5838915335553
1.62916E+12,688.3854230983852
1.62924E+12,1875.2883351553464
1.62933E+12,-1006.232673
1.62942E+12,-9328.47572
1.6295E+12,8129.793792
1.62959E+12,992.7275486925228
1.62968E+12,2747.852034360116
1.62976E+12,-371.9580809
1.62985E+12,-27300.075
1.62994E+12,3029.2221606166568
1.63002E+12,-1411.601918
1.63011E+12,817.2468093317475
1.6302E+12,-301.0581262
1.63028E+12,3520.352469513771
1.63037E+12,1397.5453111769457
1.63045E+12,6894.810271980274
1.63054E+12,-154.518329
1.63063E+12,-4207.965763
1.63071E+12,439.86524841739447
1.6308E+12,778.7551219659072
1.63089E+12,-7649.735319
1.63097E+12,-3227.2955
1.63106E+12,-3841.788052
1.63115E+12,-2417.430415
1.63123E+12,-4141.609664
1.63132E+12,-204.2561614
1.6314E+12,-619.5510928
1.63149E+12,-2769.417217
1.63158E+12,-3528.436143
1.63166E+12,-8136.34272
1.63175E+12,-2665.11591
1.63184E+12,-5047.757271
1.63192E+12,1263.4908375007672
1.63201E+12,-776.5948128
1.6321E+12,3054.087650429705
1.63218E+12,2313.4657768013712
1.63227E+12,-824.2485959
1.63236E+12,-1338.873731
1.63244E+12,-3718.654454
1.63253E+12,-1123.275328
1.63261E+12,7307.762616
1.6327E+12,-3350.201106
1.63279E+12,-1977.776418
1.63287E+12,-2141.894395
1.63296E+12,5619.680322335109
1.63305E+12,116.35545876347896
1.63313E+12,1693.441881298873
1.63322E+12,1978.8129802352923
1.63331E+12,706.0200558203796
1.63339E+12,876.7185202
1.63348E+12,2929.9073718978325
1.63356E+12,4447.784623590647
1.63365E+12,-1287.070143
1.63374E+12,917.7093926
1.63382E+12,444.0517215867076
1.63391E+12,854.5651092699409
1.634E+12,7646.659245806288
1.63408E+12,-1413.814012
1.63417E+12,2338.442639287601
1.63426E+12,6206.911308
1.63434E+12,7028.041991780905
1.63443E+12,1005.7928675039856
1.63452E+12,-342.0431205
1.6346E+12,-4337.815223
1.63469E+12,902.8111548
1.63477E+12,21075.943025051703
1.63486E+12,-6732.844115
1.63495E+12,4770.556209621602
1.63503E+12,609.9846406493743
1.63512E+12,-1861.016955
1.63521E+12,-471.6841332
1.63529E+12,-1223.703901
1.63538E+12,9232.123395
1.63547E+12,770.1547467497148
1.63555E+12,877.1837526144591
1.63564E+12,-142.0147717
1.63572E+12,-17165.69711
1.63581E+12,1855.1070912362557
1.6359E+12,3670.4797292085423
1.63598E+12,-2217.548014
1.63607E+12,1109.2820263264912
1.63616E+12,-3815.758092
1.63624E+12,1722.5753757103485
1.63633E+12,6476.455711754097
1.63642E+12,3105.0129955539815
1.6365E+12,-97.79686142
1.63659E+12,-3673.147812
1.63668E+12,-5426.750642
1.63676E+12,-2404.955219
1.63685E+12,3202.4406702632477
1.63693E+12,2596.9914379615875
1.63702E+12,-10364.24172
1.63711E+12,-3949.675346
1.63719E+12,21250.669116816163
1.63728E+12,-291.5689147
1.63737E+12,3123.06878
1.63745E+12,-585.8081654
1.63754E+12,4217.918647728744
1.63763E+12,6422.568383
1.63771E+12,3008.112460063552
1.6378E+12,3495.387432185613
1.63788E+12,8152.83735
1.63797E+12,-574.6834304
1.63806E+12,2759.6744717500624
1.63814E+12,-448.5912094
1.63823E+12,-4067.618167
1.63832E+12,673.4083298527257
1.6384E+12,-1224.811065
1.63849E+12,-6865.5928
1.63858E+12,-7373.289147
1.63866E+12,-5533.931803
1.63875E+12,15456.064068859749
1.63884E+12,-17008.01186
1.63892E+12,-1333.820762
1.63901E+12,1510.4790601421082
1.63909E+12,786.2249112870995
1.63918E+12,10287.725334581144
1.63927E+12,554.9422220144461
1.63935E+12,-2257.762626
1.63944E+12,-387.5651348
1.63953E+12,4524.94731
1.63961E+12,-3722.567805
1.6397E+12,4143.0187365198835
1.63979E+12,1517.9605581215692
1.63987E+12,-627.0974388
1.63996E+12,9725.152809682808
1.64004E+12,2850.8023771023145
1.64013E+12,1542.80308
1.64022E+12,617.8717530767353
1.6403E+12,7615.194983537931
1.64039E+12,5891.627703759084
1.64048E+12,832.7201867963759
1.64056E+12,6304.527117302689
1.64065E+12,3017.2164820999496
1.64074E+12,-4335.480607
1.64082E+12,-325.2767432
1.64091E+12,-7942.367273
1.641E+12,-1211.592938
1.64108E+12,1949.951398959216
1.64117E+12,1805.260575160348
1.64125E+12,-188.8177709
1.64134E+12,-1194.944931
1.64143E+12,8155.152396362144
1.64151E+12,1560.8813097873935
1.6416E+12,3302.7934531189094
1.64169E+12,859.9430639800685
1.64177E+12,-3060.682505
1.64186E+12,-6247.048873
1.64195E+12,474.8432307518233
1.64203E+12,6926.368080417928
1.64212E+12,6400.336801080441
1.6422E+12,858.211768
1.64229E+12,-1135.586407
1.64238E+12,3301.188667
1.64246E+12,1386.9135189489025
1.64255E+12,-5008.018007
1.64264E+12,-199.7849322
1.64272E+12,-513.811727
1.64281E+12,-638.6564902
1.6429E+12,-2826.657582
1.64298E+12,9177.964542
1.64307E+12,-9773.516979
1.64316E+12,-7367.926854
1.64324E+12,-12747.49871
1.64333E+12,2133.3247005140875
1.64341E+12,1482.394066921861
1.6435E+12,1687.7283108891045
1.64359E+12,938.4063175520714
1.64367E+12,-680.6111295
1.64376E+12,-4987.777307
1.64385E+12,-1164.637046
1.64393E+12,2569.4638352456823
1.64402E+12,-369.9102957
1.64411E+12,2377.6755741317647
1.64419E+12,-7009.740753
1.64428E+12,-1527.036064
1.64436E+12,-2166.763924
1.64445E+12,-1113.782053
1.64454E+12,-533.6052175
1.64462E+12,1256.5510353995087
1.64471E+12,924.3821570188828
1.6448E+12,-67.01767677
1.64488E+12,10777.484417735272
1.64497E+12,4595.159211964463
1.64506E+12,-5227.816332
1.64514E+12,3780.596109
1.64523E+12,1714.221817067726
1.64532E+12,-316.123941
1.6454E+12,1964.6129988944083
1.64549E+12,-2456.361654
1.64557E+12,-209.7094552
1.64566E+12,3615.3617493019774
1.64575E+12,4232.441544601083
1.64583E+12,1948.8198907676233
1.64592E+12,-3997.053533
1.64601E+12,-81.93004761
1.64609E+12,-667.218706
1.64618E+12,1663.5408065070587
1.64627E+12,7568.959013751948
1.64635E+12,1384.500586029888
1.64644E+12,-610.3351148
1.64652E+12,-415.0806133
1.64661E+12,-4764.415946
1.6467E+12,-5400.276957
1.64678E+12,-321.7957727
1.64687E+12,4674.807715610914
1.64696E+12,-33321.10986
1.64704E+12,-791.5704749
1.64713E+12,608.5633897527423
1.64722E+12,3793.956252
1.6473E+12,1660.3658491397946
1.64739E+12,-7646.466078
1.64748E+12,3716.735526179258
1.64756E+12,-9392.850175
1.64765E+12,864.2733923484375
1.64773E+12,-637.9142517
1.64782E+12,-4250.552825
1.64791E+12,2435.2533484760497
1.64799E+12,-667.2451264
1.64808E+12,1149.4056186651617
1.64817E+12,2527.8260938534877
1.64825E+12,-974.9800658
1.64834E+12,-3528.824227
1.64843E+12,-1092.388822
1.64851E+12,-2145.70757
1.6486E+12,-12047.89021
1.64868E+12,-2190.893366
1.64877E+12,-2230.673415
1.64886E+12,370.31469456979175
1.64894E+12,-401.8110629
1.64903E+12,1334.882451186117
1.64912E+12,1373.472897
1.6492E+12,-9159.915681
1.64929E+12,9860.334519
1.64938E+12,-6235.967832
1.64946E+12,1008.3011442132848
1.64955E+12,2695.236536859973
1.64964E+12,1296.7189736548462
1.64972E+12,-5969.706457
1.64981E+12,-1396.861674
1.64989E+12,-11452.3854
1.64998E+12,-3076.473975
1.65007E+12,1108.7700903882196
1.65015E+12,766.0787745356956
1.65024E+12,-1616.989224
1.65033E+12,-1890.45432
1.65041E+12,-2249.93291
1.6505E+12,-4384.040756
1.65059E+12,981.3318895
1.65067E+12,584.8505731974874
1.65076E+12,-3763.428625
1.65084E+12,2431.827407750239
1.65093E+12,-3491.144558
1.65102E+12,-1842.229389
1.6511E+12,-5518.753565
1.65119E+12,4601.112526491666
1.65128E+12,1913.0560194897696
1.65136E+12,647.8514122585784
1.65145E+12,-4324.85991
1.65154E+12,-1777.566931
1.65162E+12,3352.503514423581
1.65171E+12,6764.453469211032
1.6518E+12,12206.119894098503
1.65188E+12,-4574.308779
1.65197E+12,9880.355411
1.65205E+12,58940.250066556735
1.65214E+12,31790.718375287383
1.65223E+12,5239.126494387194
1.65231E+12,-13130.16491
1.6524E+12,-2252.817777
1.65249E+12,-30196.32965
1.65257E+12,564.3691216
1.65266E+12,-8103.903662
1.65275E+12,3507.1160823949613
1.65283E+12,11232.958766990365
1.65292E+12,14955.419528218874
1.653E+12,-630.4758145
1.65309E+12,2743.350180780408
1.65318E+12,2077.868381039647
1.65326E+12,2947.2268611333566
1.65335E+12,10619.263842045031
1.65344E+12,4249.740906197505
1.65352E+12,3341.5723462883907
1.65361E+12,8405.512404431982
1.6537E+12,-8195.221982
1.65378E+12,232.06365280141108
1.65387E+12,-5795.094062
1.65396E+12,2185.3110367493355
1.65404E+12,4732.637357096923
1.65413E+12,-6493.428162
1.65421E+12,-4226.733447
1.6543E+12,-5764.530512
1.65439E+12,-1750.860567
1.65447E+12,6055.191622981387
1.65456E+12,317.0099213365247
1.65465E+12,6595.486564993083
1.65473E+12,-1301.977242
1.65482E+12,-4778.441651
1.65491E+12,-272.1513528
1.65499E+12,10140.971486623974
1.65508E+12,5221.996437062306
1.65516E+12,15693.049311398703
1.65525E+12,-1489.612937
1.65534E+12,-8565.14198
1.65542E+12,-60146.72048
1.65551E+12,-17540.65789
1.6556E+12,-11046.35495
1.65568E+12,-8845.623696
1.65577E+12,4275.707394564255
1.65586E+12,-591.4347069
1.65594E+12,-2462.243639
1.65603E+12,-4024.781436
1.65612E+12,-5093.699438
1.6562E+12,-4435.581925
1.65629E+12,19539.064979916395
1.65637E+12,-2087.43684
1.65646E+12,-1260.870316
1.65655E+12,959.4320867320783
1.65663E+12,-4413.252405
1.65672E+12,-2164.483577
1.65681E+12,-1313.307895
1.65689E+12,-1066.667394
1.65698E+12,2225.7323873814457
1.65707E+12,-16360.3582
1.65715E+12,-14520.03246
1.65724E+12,-6820.954962
1.65732E+12,-1356.524143
1.65741E+12,-2031.385114
1.6575E+12,3336.7836515349263
1.65758E+12,4300.125120747973
1.65767E+12,-1552.542687
1.65776E+12,-901.699363
1.65784E+12,14780.405016206776
1.65793E+12,1169.5183297781514
1.65802E+12,16574.16832483865
1.6581E+12,4370.042663116023
1.65819E+12,-1037.626768
1.65828E+12,1583.2771711211317
1.65836E+12,-4431.152549
1.65845E+12,-3532.061158
1.65853E+12,-4621.115267
1.65862E+12,-1947.041871
1.65871E+12,-6496.704285
1.65879E+12,-3571.054839
1.65888E+12,-4130.608296
1.65897E+12,4919.9408011013875
1.65905E+12,-2534.253456
1.65914E+12,-183.8890645
1.65923E+12,-2662.938788
1.65931E+12,7604.469915136164
1.6594E+12,414.4406428669681
1.65948E+12,-3237.156065
1.65957E+12,-4430.735104
1.65966E+12,-11891.62019
1.65974E+12,668.6129542509643
1.65983E+12,5039.806972213211
1.65992E+12,-3315.655415
1.66E+12,3237.0259081506265
1.66009E+12,-2441.566134
1.66018E+12,4716.432822411487
1.66026E+12,-720.5106645
1.66035E+12,-4232.840953
1.66044E+12,-5404.60607
1.66052E+12,27.34904118794657
1.66061E+12,-2456.25419
1.66069E+12,2202.9000872772303
1.66078E+12,-9125.061699
1.66087E+12,3931.554756067373
1.66095E+12,-7236.862658
1.66104E+12,-3652.381132
1.66113E+12,2139.148824177002
1.66121E+12,1255.6090438444662
1.6613E+12,-3665.377082
1.66139E+12,-2033.718366
1.66147E+12,3083.509470199693
1.66156E+12,-1594.403936
1.66164E+12,1067.4257294726883
1.66173E+12,-1633.522382
1.66182E+12,9343.932392
1.6619E+12,15381.447411102015
1.66199E+12,3181.239740625824
1.66208E+12,11997.36598543488
1.66216E+12,-3568.980804
1.66225E+12,307.5574391079863
1.66234E+12,8303.940264820743
1.66242E+12,3611.312525932364
1.66251E+12,-13352.33037
1.6626E+12,1144.5899188082983
1.66268E+12,6536.973104639605
1.66277E+12,2696.2098875961456
1.66285E+12,-734.5086942
1.66294E+12,1508.225007651512
1.66303E+12,6019.388422461125
1.66311E+12,4163.474587209646
1.6632E+12,-2499.346178
1.66329E+12,-5669.809723
1.66337E+12,2059.911237541666
1.66346E+12,-623.007858
1.66355E+12,-6263.30687
1.66363E+12,6715.022783706845
1.66372E+12,2230.7916850170222
1.6638E+12,-2973.579638
1.66389E+12,1726.8441870570314
1.66398E+12,-679.4346759
1.66406E+12,7524.897359575312
1.66415E+12,-4255.02385
1.66424E+12,6069.8978552537155
1.66432E+12,11213.786394560731
1.66441E+12,4984.134642917576
1.6645E+12,-507.0040948
1.66458E+12,275.0606686194769
1.66467E+12,-735.5123024
1.66476E+12,-2233.570886
1.66484E+12,-4536.948762
1.66493E+12,3877.679216984805
1.66501E+12,-2832.9447
1.6651E+12,-1065.550993
1.66519E+12,306.6909073484039
1.66527E+12,-16.56316864
1.66536E+12,1065.6744667360072
1.66545E+12,3235.5343818546826
1.66553E+12,-2953.685645
1.66562E+12,-10851.30591
1.66571E+12,1505.470237978523
1.66579E+12,597.2155215119583
1.66588E+12,815.0412140644785
1.66596E+12,-4872.458946
1.66605E+12,-37230.71308
1.66614E+12,3651.624783
1.66622E+12,5216.875375161195
1.66631E+12,-449.0385768
1.6664E+12,286.76508372616445
1.66648E+12,-1277.59712
1.66657E+12,9100.682348
1.66666E+12,-6148.392849
1.66674E+12,7084.990261534833
1.66683E+12,-5258.266262
1.66692E+12,-4141.582908
1.667E+12,399.53892854841615
1.66709E+12,831.1300279432253
1.66717E+12,3684.3534362858336
1.66726E+12,6472.790300158704
1.66735E+12,5349.276306294349
1.66743E+12,-5263.015372
1.66752E+12,6942.938308201177
1.66761E+12,-671.4851262
1.66769E+12,-576.9736794
1.66778E+12,-11260.66843
1.66787E+12,8544.268177486869
1.66795E+12,-15910.49742
1.66804E+12,-30814.69216
1.66812E+12,-21636.54371
1.66821E+12,-16954.47246
1.6683E+12,-18194.12192
1.66838E+12,-12687.24553
1.66847E+12,-13080.06399
1.66856E+12,-36228.83541
1.66864E+12,-9157.182534
1.66873E+12,-5125.544491
1.66882E+12,-3464.905903
1.6689E+12,-6476.178254
1.66899E+12,-8213.439977
1.66908E+12,2025.9051940188872
1.66916E+12,-44186.04377
1.66925E+12,-2872.006638
1.66933E+12,6170.790391756895
1.66942E+12,2665.832323
1.66951E+12,1023.063777995212
1.66959E+12,-3037.27714
1.66968E+12,-68.90482779
1.66977E+12,60.11460188306228
1.66985E+12,1989.6321423136176
1.66994E+12,-351.4738622
1.67003E+12,-1308.737612
1.67011E+12,-2812.371849
1.6702E+12,1002.1327155829712
1.67028E+12,-2455.111966
1.67037E+12,-1975.164758
1.67046E+12,-2518.672685
1.67054E+12,-5254.011211
1.67063E+12,-1309.073493
1.67072E+12,-2510.419073
1.6708E+12,-7331.023057
1.67089E+12,-32407.77322
1.67098E+12,-4987.327978
1.67106E+12,263.72614312495716
1.67115E+12,-13295.41776
1.67124E+12,-7381.374514
1.67132E+12,261.04715917375324
1.67141E+12,-1769.992622
1.67149E+12,260.1524645952886
1.67158E+12,2470.918219119121
1.67167E+12,5084.467256487813
1.67175E+12,3302.6505645661964
1.67184E+12,-2368.913582
1.67193E+12,1342.4000695463235
1.67201E+12,-1401.180222
1.6721E+12,2445.1147573204144
1.67219E+12,3432.8096735476756
1.67227E+12,2276.5938407299363
1.67236E+12,-2285.267865
1.67244E+12,4621.443476986482
1.67253E+12,4893.386508052288
1.67262E+12,1668.0648584332266
1.6727E+12,-1320.111034
1.67279E+12,2870.8284176951747
1.67288E+12,-1252.788949
1.67296E+12,-2377.358089
1.67305E+12,1535.3698173852972
1.67314E+12,1000.4588238942524
1.67322E+12,-4414.876606
1.67331E+12,-707.5178129
1.6734E+12,-2364.313868
1.67348E+12,1210.5749821104182
1.67357E+12,-10563.37943
1.67365E+12,4387.372701671993
1.67374E+12,3876.821939135567
1.67383E+12,-4664.774482
1.67391E+12,-3954.862552
1.674E+12,3097.4386528303585
1.67409E+12,8201.283358947258
1.67417E+12,-6642.298638
1.67426E+12,3443.8809862875314
1.67435E+12,1597.8132767558343
1.67443E+12,4021.789296503175
1.67452E+12,-4591.861743
1.6746E+12,2236.9920487942363
1.67469E+12,-2447.069957
1.67478E+12,-3278.522958
1.67486E+12,-980.384921
1.67495E+12,2976.456620018558
1.67504E+12,-1442.603353
1.67512E+12,580.2402529084429
1.67521E+12,2372.537189573024
1.6753E+12,-2924.159825
1.67538E+12,-1014.962001
1.67547E+12,-496.5652144
1.67556E+12,1510.030942159694
1.67564E+12,191.2048658116255
1.67573E+12,-1432.14472
1.67581E+12,2622.5408169670663
1.6759E+12,1508.309175
1.67599E+12,1295.166408091347
1.67607E+12,6092.720344437017
1.67616E+12,-3138.946739
1.67625E+12,-2190.846625
1.67633E+12,3363.3755851577735
1.67642E+12,2009.4222343122165
1.67651E+12,7194.7938655514445
1.67659E+12,611.2555206530451
1.67668E+12,147.6842779265753
1.67676E+12,-1819.362995
1.67685E+12,3354.8453523735225
1.67694E+12,-1824.610675
1.67702E+12,-275.3341563
1.67711E+12,1507.837452902415
1.6772E+12,4180.096928004059
1.67728E+12,535.6724797657516
1.67737E+12,1134.569671470721
1.67746E+12,393.61924611195354
1.67754E+12,1812.7735022700615
1.67763E+12,2616.077007530359
1.67772E+12,1153.535574812886
1.6778E+12,-3360.844737
1.67789E+12,155.8374407750125
1.67797E+12,2348.272452835125
1.67806E+12,2537.6852657107847
1.67815E+12,-3243.585517
1.67823E+12,-5225.52103
1.67832E+12,565.1524863
1.67841E+12,-8402.680764
1.67849E+12,-10020.46124
1.67858E+12,1973.6744338787755
1.67867E+12,9248.50666
1.67875E+12,13792.122564444711
1.67884E+12,2625.385555104149
1.67892E+12,876.2176250440098
1.67901E+12,15833.740277154517
1.6791E+12,3134.3637479453355
1.67918E+12,8757.685940375268
1.67927E+12,3332.767785105054
1.67936E+12,-925.170464
1.67944E+12,-6937.211922
1.67953E+12,2927.774129357058
1.67962E+12,-2594.247572
1.6797E+12,-1168.866652
1.67979E+12,-79.18243099
1.67988E+12,-1833.496761
1.67996E+12,-6152.796907
1.68005E+12,-3232.855639
1.68013E+12,2848.172038958415
1.68022E+12,686.5452143680959
1.68031E+12,-707.6337084
1.68039E+12,515.8625134865979
1.68048E+12,3604.975003325224
1.68057E+12,-3073.495493
1.68065E+12,3903.727525910239
1.68074E+12,-859.9612421
1.68083E+12,1339.6852830120845
1.68091E+12,-256.045259
1.681E+12,434.33207934382335
1.68108E+12,3199.3174355413576
1.68117E+12,-1338.79004
1.68126E+12,12863.850676177151
1.68134E+12,-4470.909115
1.68143E+12,-594.0683894
1.68152E+12,754.6065509346554
1.6816E+12,-1.942503348
1.68169E+12,4231.481292977271
1.68178E+12,1288.3624804481806
1.68186E+12,2104.176548339859
1.68195E+12,5179.314960705877
1.68204E+12,13491.74691166306
1.68212E+12,135.2410932024759
1.68221E+12,-127.347447
1.68229E+12,672.3947995519629
1.68238E+12,1438.5605259659533
1.68247E+12,1896.100905412044
1.68255E+12,2100.8156188854628
1.68264E+12,-3710.448227
1.68273E+12,-1290.519052
1.68281E+12,1550.4855410768014
1.6829E+12,2479.0207753177565
1.68299E+12,-3401.838919
1.68307E+12,2173.484641688843
1.68316E+12,1918.5173531927248
1.68324E+12,-4490.420089
1.68333E+12,159.6363902
1.68342E+12,-1295.756386
1.6835E+12,-877.549955
1.68359E+12,-527.5272506
1.68368E+12,-190.24727
1.68376E+12,12863.402730333415
1.68385E+12,-9761.217985
1.68394E+12,-378.1360606
1.68402E+12,1432.466643441865
1.68411E+12,-13083.17032
1.6842E+12,3189.2176198518464
1.68428E+12,335.57113156857304
1.68437E+12,3969.789737223611
1.68445E+12,1104.4173559958908
1.68454E+12,484.2382153968447
1.68463E+12,852.1030497465981
1.68471E+12,800.4750844602786
1.6848E+12,2996.8260854200016
1.68489E+12,3155.0967087758727
1.68497E+12,2216.473520313637
1.68506E+12,-4847.975016
1.68515E+12,922.2465283914952
1.68523E+12,1363.957150593571
1.68532E+12,-1831.66703
1.6854E+12,9569.639863
1.68549E+12,3223.7826350801624
1.68558E+12,2465.8335779428016
1.68566E+12,-3029.857163
1.68575E+12,3616.3389462112464
1.68584E+12,1438.9826083459702
1.68592E+12,-2185.273751
1.68601E+12,-7541.219382
1.6861E+12,-10509.94087
1.68618E+12,-3014.616857
1.68627E+12,-412.0191756
1.68636E+12,-2201.372722
1.68644E+12,-1746.513243
1.68653E+12,-2361.321052
1.68661E+12,763.9266271064043
1.6867E+12,-895.7014842
1.68679E+12,-4948.685495
1.68687E+12,-418.6703739
1.68696E+12,-1838.770253
1.68705E+12,-117.8906105
1.68713E+12,-2925.643674
1.68722E+12,-3214.684379
1.68731E+12,-2856.809828
1.68739E+12,-8281.813825
1.68748E+12,608.5850924661427
1.68756E+12,70.33996478003246
1.68765E+12,1064.0409791000056
1.68774E+12,1824.265835661579
1.68782E+12,666.5612816715657
1.68791E+12,183.4962638078723
1.688E+12,-1195.298765
1.68808E+12,5873.342823694766
1.68817E+12,-16757.89841
1.68826E+12,1481.4115826652817
1.68834E+12,-719.8522671
1.68843E+12,-195.9217782
1.68852E+12,1639.342365
1.6886E+12,-7279.660633
1.68869E+12,-3717.644892
1.68877E+12,3090.6267177064547
1.68886E+12,1452.0099249110608
1.68895E+12,-1624.53973
1.68903E+12,-2357.818584
1.68912E+12,10008.54131716425
1.68921E+12,3727.253328338229
1.68929E+12,-2588.906247
1.68938E+12,-2305.29452
1.68947E+12,974.4758283161536
1.68955E+12,-474.6888548
1.68964E+12,322.77539043680736
1.68972E+12,-3506.845742
1.68981E+12,131.15611649311177
1.6899E+12,857.1583260880325
1.68998E+12,-367.6794949
1.69007E+12,48.55767759362425
1.69016E+12,-527.1872276
1.69024E+12,346.4894258121931
1.69033E+12,-749.3774412
1.69042E+12,5338.877675223041
1.6905E+12,750.6279736789947
1.69059E+12,832.6605213171351
1.69068E+12,-683.3958184
1.69076E+12,-108.7155812
1.69085E+12,5526.9476780607365
1.69093E+12,-5492.487274
1.69102E+12,-1712.059748
1.69111E+12,-437.3624099
1.69119E+12,1565.6935379455135
1.69128E+12,606.4763815925035
1.69137E+12,3472.4092559868004
1.69145E+12,-10451.41314
1.69154E+12,958.9225019512668
1.69163E+12,-2493.09477
1.69171E+12,5431.357841814104
1.6918E+12,15.304582373300946
1.69188E+12,786.3821788268324
1.69197E+12,-10286.60256
1.69206E+12,-1382.020598
1.69214E+12,3074.788501964689
1.69223E+12,4193.793394535147
1.69232E+12,-3523.721586
1.6924E+12,-2268.429432
1.69249E+12,-523.931713
1.69258E+12,-6246.4985
1.69266E+12,178.68646563005314
1.69275E+12,-6202.456008
1.69284E+12,1375.7959761606544
1.69292E+12,-6022.314194
1.69301E+12,2162.2848697039663
1.69309E+12,-263.9487602
1.69318E+12,206.19769248546436
1.69327E+12,-357.4681357
1.69335E+12,-5027.741461
1.69344E+12,5661.978309589838
1.69353E+12,11844.71286
1.69361E+12,229.81402351462384
1.6937E+12,-764.6643111
1.69379E+12,32.748522285502986
1.69387E+12,-157.7727125
1.69396E+12,5038.557687
1.69404E+12,769.8685818142221
1.69413E+12,-8153.699807
1.69422E+12,2048.4909294259996
1.6943E+12,1353.7576922299595
1.69439E+12,-5944.799502
1.69448E+12,-393.0405417
1.69456E+12,-1291.735563
1.69465E+12,547.4932806770084
1.69474E+12,-3069.519467
1.69482E+12,-1028.57305
1.69491E+12,498.1366738463184
1.695E+12,-2268.719604
1.69508E+12,1895.3134558104211
1.69517E+12,-7224.845513
1.69525E+12,364.4573319123446
1.69534E+12,3742.448291904024
1.69543E+12,-406.8573856
1.69551E+12,158.65767591628537
1.6956E+12,-1100.9145
1.69569E+12,2750.583672936533
1.69577E+12,1431.7328815703077
1.69586E+12,-1195.111222
1.69595E+12,-3994.458743
1.69603E+12,3766.7847815390633
1.69612E+12,2780.5372623297553
1.6962E+12,-5793.335804
1.69629E+12,-680.6105117
1.69638E+12,592.2792479700656
1.69646E+12,-2895.852337
1.69655E+12,-4132.440744
1.69664E+12,-654.7494424
1.69672E+12,-466.2129842
1.69681E+12,4322.641882781729
1.6969E+12,-764.6069823
1.69698E+12,9321.748653454437
1.69707E+12,3858.706312232687
1.69716E+12,1020.0541287020932
1.69724E+12,-268.4776677
1.69733E+12,617.0947943293686
1.69741E+12,-7404.553175
1.6975E+12,-7076.709718
1.69759E+12,6113.573093162937
1.69767E+12,-5349.091856
1.69776E+12,-1388.594473
1.69785E+12,3484.3115936617396
1.69793E+12,1029.192446185756
1.69802E+12,2868.7794447280176
1.69811E+12,1081.1710220588866
1.69819E+12,2813.867090447624
1.69828E+12,4911.304148972347
1.69836E+12,-3505.262586
1.69845E+12,1138.7008753364023
1.69854E+12,2489.8286829090175
1.69862E+12,-2993.17882
1.69871E+12,800.3259282790459
1.6988E+12,-1198.20834
1.69888E+12,8365.998088320463
1.69897E+12,-7576.057165
1.69906E+12,2016.2502033887288
1.69914E+12,-417.1475189
1.69923E+12,3144.2436400102306
1.69932E+12,7944.024211857053
1.6994E+12,721.9802616894885
1.69949E+12,5402.034706474937
1.69957E+12,8312.206688
1.69966E+12,261.47248366725034
1.69975E+12,658.1905497256557
1.69983E+12,-595.4064309
1.69992E+12,6373.293416210916
1.70001E+12,832.0109392048253
1.70009E+12,-415.676199
1.70018E+12,-2141.652499
1.70027E+12,1725.3573423954804
1.70035E+12,615.9804549335313
1.70044E+12,-4382.972885
1.70052E+12,1717.5969835577926
1.70061E+12,108.67614847720688
1.7007E+12,-1007.761234
1.70078E+12,-6292.654531
1.70087E+12,-1476.846809
1.70096E+12,-2032.997161
1.70104E+12,-5822.756385
1.70113E+12,-6676.869324
1.70122E+12,-781.5959246
1.7013E+12,-2650.777636
1.70139E+12,1112.7710353671428
1.70148E+12,-906.5714842
1.70156E+12,357.9525336
1.70165E+12,5169.878171046432
1.70173E+12,-4374.294665
1.70182E+12,7868.352394
1.70191E+12,8008.275688685797
1.70199E+12,6662.024201191714
1.70208E+12,4000.9848131492254
1.70217E+12,2123.4649919494695
1.70225E+12,6184.753309040636
1.70234E+12,9385.009298180055
1.70243E+12,1131.3221426883174
1.70251E+12,-1353.263488
1.7026E+12,-717.4200555
1.70268E+12,1361.4711165095614
1.70277E+12,2834.803259847507
1.70286E+12,127.01107566739664
1.70294E+12,11.091630290764442
1.70303E+12,-2564.334268
1.70312E+12,-2905.399468
1.7032E+12,4409.778521697881
1.70329E+12,1158.7882905254846
1.70338E+12,-8974.424744
1.70346E+12,-2483.713604
1.70355E+12,8422.815562342948
1.70364E+12,-6568.995541
1.70372E+12,-653.5245259
1.70381E+12,-3626.373232
1.70389E+12,-629.7194373
1.70398E+12,803.2948273606089
1.70407E+12,1317.5054673478662
1.70415E+12,-2385.890303
1.70424E+12,3364.0532397589195
1.70433E+12,3690.513264
1.70441E+12,2268.7927466700785
1.7045E+12,4131.870345698568
1.70459E+12,1884.3563837818256
1.70467E+12,6248.069603501463
1.70476E+12,2114.404777336007
1.70484E+12,11502.635150392292
1.70493E+12,7231.0128940861905
1.70502E+12,8262.610811083636
1.7051E+12,-7460.412862
1.70519E+12,-47.71837526
1.70528E+12,3285.2410673900085
1.70536E+12,8996.965089570003
1.70545E+12,-5380.513789
1.70554E+12,6579.189859304053
1.70562E+12,6920.099973799501
1.70571E+12,-4399.321744
1.7058E+12,144.18854385788654
1.70588E+12,2397.2678564508096
1.70597E+12,7753.3972290737875
1.70605E+12,-1400.427347
1.70614E+12,534.6745968563628
1.70623E+12,-3122.245185
1.70631E+12,-1154.918
1.7064E+12,450.10730963255264
1.70649E+12,376.0673041210539
1.70657E+12,-8657.105259
1.70666E+12,12607.75467
1.70675E+12,-10435.9519
1.70683E+12,-2744.775776
1.70692E+12,-829.0870529
1.707E+12,2108.609052503627
1.70709E+12,716.4233082259234
1.70718E+12,1050.8281908280624
1.70726E+12,-4130.21881
1.70735E+12,3553.537640991868
1.70744E+12,-5093.601308
1.70752E+12,-1356.488935
1.70761E+12,5438.2691587839945
1.7077E+12,3203.7833205070056
1.70778E+12,-5674.536013
1.70787E+12,5340.725757412787
1.70796E+12,-7939.681058
1.70804E+12,-1506.582659
1.70813E+12,-588.8996128
1.70821E+12,1209.0917295224317
1.7083E+12,-12236.43058
1.70839E+12,-153.9034464
1.70847E+12,1687.291799241524
1.70856E+12,2834.4051049745394
1.70865E+12,-4538.874586
1.70873E+12,-566.205667
1.70882E+12,939.8605180610066
1.70891E+12,2053.3929654245294
1.70899E+12,-1182.486844
1.70908E+12,5829.439974969253
1.70916E+12,7935.903374948131
1.70925E+12,-16057.54202
1.70934E+12,2041.0047108559593
1.70942E+12,2775.628545970212
1.70951E+12,6569.507243817949
1.7096E+12,11782.305666045895
1.70968E+12,-6695.715709
1.70977E+12,-1137.463737
1.70986E+12,-4538.474209
1.70994E+12,-1264.092676
1.71003E+12,2816.553916178491
1.71012E+12,7705.204132233383
1.7102E+12,7669.796930454642
1.71029E+12,-1478.45928
1.71037E+12,-9117.796203
1.71046E+12,-8641.554334
1.71055E+12,2877.4938061880966
1.71063E+12,-11289.4169
1.71072E+12,1594.8931909663445
1.71081E+12,13902.166542318051
1.71089E+12,-5273.872691
1.71098E+12,2503.700368457765
1.71107E+12,-16234.76497
1.71115E+12,-2802.384897
1.71124E+12,-426.2061066
1.71132E+12,3541.174763770163
1.71141E+12,-2241.400582
1.7115E+12,4231.743014187028
1.71158E+12,-21428.40512
1.71167E+12,2267.1959039330977
1.71176E+12,1666.4410671013138
1.71184E+12,-1797.578345
1.71193E+12,-15050.3588
1.71202E+12,954.6802398
1.7121E+12,4222.320740656323
1.71219E+12,-12698.75274
1.71228E+12,650.4171817974493
1.71236E+12,-1110.449641
1.71245E+12,809.2985168441592
1.71253E+12,4279.187268755297
1.71262E+12,5049.282476861619
1.71271E+12,-4664.174075
1.71279E+12,-124.3467859
1.71288E+12,-2894.227346
1.71297E+12,486.5808044
1.71305E+12,742.5971582826605
1.71314E+12,658.6794524743163
1.71323E+12,-5773.862691
1.71331E+12,8162.642227566423
1.7134E+12,-6725.401948
1.71348E+12,105.46552504460124
1.71357E+12,-754.7909304
1.71366E+12,708.0812036607604
1.71374E+12,-3400.320674
1.71383E+12,2206.5485694172858
1.71392E+12,3687.3815233714777
1.714E+12,3089.858352
1.71409E+12,-5286.787077
1.71418E+12,1757.698400967667
1.71426E+12,1816.261784762799
1.71435E+12,3665.977596662855
1.71444E+12,7592.276049820932
1.71452E+12,3244.463095
1.71461E+12,4515.993388460214
1.71469E+12,3029.083728683887
1.71478E+12,-3385.737091
1.71487E+12,725.9606615660141
1.71495E+12,-1331.927602
1.71504E+12,565.7554824
1.71513E+12,-188.2944183
1.71521E+12,-1021.940872
1.7153E+12,1716.7802696967335
1.71539E+12,-306.5687222
1.71547E+12,1562.229997750217
1.71556E+12,616.3067256867762
1.71564E+12,547.4300026641031
1.71573E+12,-22319.03771
1.71582E+12,2789.391957464351
1.7159E+12,-9179.952399
1.71599E+12,-2041.088944
1.71608E+12,-168.5212912
1.71616E+12,-2692.41843
1.71625E+12,12798.30105
1.71634E+12,789.0707033
1.71642E+12,4233.180644694523
1.71651E+12,-2157.028082
1.7166E+12,370.77715293770416
1.71668E+12,363.5783687182611
1.71677E+12,2443.7650233613876
1.71685E+12,-3091.470502
1.71694E+12,958.6969426398136
1.71703E+12,-2414.300629
1.71711E+12,-65.67212136
1.7172E+12,1274.3051757399453
1.71729E+12,54.71627839
1.71737E+12,-1202.182216
1.71746E+12,-8666.554012
1.71755E+12,-4645.483366
1.71763E+12,-556.5771608
1.71772E+12,-1842.488392
1.7178E+12,2001.0275686003845
1.71789E+12,-576.0109821
1.71798E+12,1477.270029
1.71806E+12,-14297.88776
1.71815E+12,-641.2576957
1.71824E+12,-1495.812145
1.71832E+12,4786.854442503114
1.71841E+12,1201.8646383488158
1.7185E+12,-720.07312
1.71858E+12,2991.977661481491
1.71867E+12,306.8697536
1.71876E+12,2957.0853563396195
1.71884E+12,-417.6866211
1.71893E+12,2874.9229974928858
1.71901E+12,-672.039313
1.7191E+12,1224.955080321779
1.71919E+12,7031.9537390249825
1.71927E+12,-6602.783846
1.71936E+12,7010.934244843196
1.71945E+12,10962.354739422692
1.71953E+12,1587.596795739424
1.71962E+12,2561.8819940040776
1.71971E+12,1093.9999458575476
1.71979E+12,-2513.482333
1.71988E+12,301.1953591600686
1.71996E+12,5514.693450562609
1.72005E+12,5740.098825000667
1.72014E+12,1620.5451918254766
1.72022E+12,-1355.505997
1.72031E+12,1524.5068052033291
1.7204E+12,9979.137153647622
1.72048E+12,2430.5102956106093
1.72057E+12,108.58129852679848
1.72066E+12,4406.476785921768
1.72074E+12,581.8972887048149
1.72083E+12,2567.993752
1.72092E+12,122.95953482038205
1.721E+12,-1149.713486
1.72109E+12,45830.24586340684
1.72117E+12,310.4279269937251
1.72126E+12,-393.4746036
1.72135E+12,-6270.418495
1.72143E+12,674.5421725203414
1.72152E+12,450.50504691942115
1.72161E+12,-1910.175984
1.72169E+12,-11290.71735
1.72178E+12,3539.1437044939157
1.72187E+12,9269.751117
1.72195E+12,-2510.516506
1.72204E+12,1669.781520136119
1.72212E+12,304.7128069061746
1.72221E+12,-4402.193547
1.7223E+12,23319.66276829345
1.72238E+12,-30483.94746
1.72247E+12,-32.73117311
1.72256E+12,338.8540089544913
1.72264E+12,-619.8341208
1.72273E+12,-382.3489847
1.72282E+12,4944.764707332259
1.7229E+12,2894.8941947921267
1.72299E+12,-5059.726362
1.72308E+12,-876.3344989
1.72316E+12,3184.6360735184426
1.72325E+12,1484.701879218259
1.72333E+12,-92.02724651
1.72342E+12,649.8416206978291
1.72351E+12,-1055.477044
1.72359E+12,-2339.298567
1.72368E+12,-3245.162089
1.72377E+12,-9039.755778
1.72385E+12,2268.9933712117563
1.72394E+12,332.97399365823003
1.72403E+12,4059.201627656992
1.72411E+12,-1412.033367
1.7242E+12,1886.8743375487247
1.72428E+12,-3210.90645
1.72437E+12,-8459.050599
1.72446E+12,2447.884647131912
1.72454E+12,747.0607326
1.72463E+12,-1010.998789
1.72472E+12,3931.9271826798063
1.7248E+12,276.9811980413615
1.72489E+12,-21665.85431
1.72498E+12,6708.2182709505505
1.72506E+12,207.55587361073776
1.72515E+12,1062.006522384112
1.72524E+12,1594.216161140921
1.72532E+12,-2161.412245
1.72541E+12,-1347.700653
1.72549E+12,5615.452684186501
1.72558E+12,2235.5092269998713
1.72567E+12,-1063.97799
1.72575E+12,6097.812929295291
1.72584E+12,-3816.095667
1.72593E+12,-16400.76784
1.72601E+12,-368.2105048
1.7261E+12,-766.1695546
1.72619E+12,-5951.200811
1.72627E+12,-2608.448618
1.72636E+12,1340.6275383658503
1.72644E+12,-634.0955959
1.72653E+12,-1049.387625
1.72662E+12,283.5461955623505
1.7267E+12,-5807.592243
1.72679E+12,1316.4565711384494
1.72688E+12,2162.1546267225494
1.72696E+12,-1008.904002
1.72705E+12,2408.3523914930265
1.72714E+12,-9442.259511
1.72722E+12,-1167.271286
1.72731E+12,-1477.531776
1.7274E+12,-7026.060833
1.72748E+12,406.4568881964333
1.72757E+12,1784.4372740050967
1.72765E+12,4060.8774353457047
1.72774E+12,5047.328695602519
1.72783E+12,1021.3933842861624
1.72791E+12,1761.577808
1.728E+12,350.9823611916545
1.72809E+12,-1284.114028
1.72817E+12,-1008.598543
1.72826E+12,-3413.686796
1.72835E+12,-1912.81635
1.72843E+12,3330.660203375334
1.72852E+12,783.5623256946128
1.7286E+12,-4834.173491
1.72869E+12,-1939.393056
1.72878E+12,-204.2311931
1.72886E+12,-192.9539826
1.72895E+12,-4411.980687
1.72904E+12,4410.585427167207
1.72912E+12,-5669.514362
1.72921E+12,-3933.364786
1.7293E+12,-1109.522472
1.72938E+12,839.5540226469475
1.72947E+12,1848.4427155999183
1.72956E+12,-300.509792
1.72964E+12,1377.7619756432796
1.72973E+12,-336.8618814
1.72981E+12,-3140.29566
1.7299E+12,2015.9788293525544
1.72999E+12,263.25283899068927
1.73007E+12,-2818.538431
1.73016E+12,2661.2863157269676
1.73025E+12,-6173.958323
1.73033E+12,4930.261234
1.73042E+12,2598.1790571027013
1.73051E+12,258.5014969860149
1.73059E+12,1909.4607949686688
1.73068E+12,6822.080387220078
1.73076E+12,-186.8101831
1.73085E+12,-13833.37519
1.73094E+12,-11451.16689
1.73102E+12,-12065.86879
1.73111E+12,726.7856167203026
1.7312E+12,1003.2738300203782
1.73128E+12,-1025.903675
1.73137E+12,64.24165623293084
1.73146E+12,-5062.247269
1.73154E+12,-3904.560213
1.73163E+12,-12889.05673
1.73172E+12,1512.668982978801
1.7318E+12,-5543.367817
1.73189E+12,-1856.245453
1.73197E+12,-3606.431945
1.73206E+12,-14865.34835
1.73215E+12,138.39100859954488
1.73223E+12,-9900.758931
1.73232E+12,-3812.442319
1.73241E+12,71.39314262305561
1.73249E+12,7758.505575843272
1.73258E+12,-13139.99762
1.73267E+12,-17111.2186
1.73275E+12,-17032.08417
1.73284E+12,1016.5891583315606
1.73292E+12,994.155536
1.73301E+12,1424.416598236723
1.7331E+12,-7954.107889
1.73318E+12,-9478.135326
1.73327E+12,-7087.900401
1.73336E+12,-8700.652765
1.73344E+12,-1183.979795
1.73353E+12,2268.1731540809596
1.73362E+12,7.931563035324871
1.7337E+12,2679.297415717345
1.73379E+12,-2789.369715
1.73388E+12,-12272.24804
1.73396E+12,-3623.538468
1.73405E+12,-9575.212838
1.73413E+12,-1129.780111
1.73422E+12,513.0868380377433
1.73431E+12,-6897.542128
1.73439E+12,-3273.324648
1.73448E+12,-9695.771843
1.73457E+12,8377.518142692534
1.73465E+12,-4373.739265
1.73474E+12,-1687.494105
1.73483E+12,-105.0951168
1.73491E+12,4042.529964242938
1.735E+12,-129.1868871
1.73508E+12,2464.033920995731
1.73517E+12,861.3253554439434
1.73526E+12,-8643.787024
1.73534E+12,-1834.297376
1.73543E+12,-4910.682979
1.73552E+12,4421.995609
1.7356E+12,-3408.211242
1.73569E+12,-5499.671777
1.73578E+12,713.956568
1.73586E+12,-2604.019435
1.73595E+12,-355.509284
1.73604E+12,-772.9941708
1.73612E+12,-5280.234628
1.73621E+12,-2876.176816
1.73629E+12,-9849.730113
1.73638E+12,420.08984221783976
1.73647E+12,-4526.057985
1.73655E+12,-3226.046595
1.73664E+12,-1347.189683
1.73673E+12,3559.543450519326
1.73681E+12,3099.557397729779
1.7369E+12,-682.7248114
1.73699E+12,-2708.894423
1.73707E+12,-7230.297306
1.73716E+12,-645.2190337
1.73724E+12,2944.815380625383
1.73733E+12,3397.200610405853
1.73742E+12,-3967.818592
1.7375E+12,-560.9247021
1.73759E+12,-5234.972705
1.73768E+12,-4427.028428
1.73776E+12,93.21748857254534
1.73785E+12,355.06522060433235
1.73794E+12,-1333.210717
1.73802E+12,-300.524676
1.73811E+12,725.4957147666064
1.7382E+12,1193.0623474179663
1.73828E+12,-6139.20484
1.73837E+12,-8054.241773
1.73845E+12,4223.038582920832
1.73854E+12,-11229.10227
1.73863E+12,-2777.074747
1.73871E+12,-2022.417333
1.7388E+12,-7257.587703
1.73889E+12,2525.8069296967697
1.73897E+12,-101.99746
1.73906E+12,4891.420240881142
1.73915E+12,-1656.526705
1.73923E+12,3294.380383276308
1.73932E+12,-48.89611385
1.7394E+12,3864.6789063328215
1.73949E+12,-5006.357348
1.73958E+12,-1442.668474
1.73966E+12,200.8446781888997
1.73975E+12,2480.693114083435
1.73984E+12,4645.4154887954355
1.73992E+12,2043.7567134197852
1.74001E+12,-5168.63607
1.7401E+12,2150.6205795584683
1.74018E+12,-11138.0996
1.74027E+12,-2836.79039
1.74036E+12,3202.3283524427497
1.74044E+12,7267.415747481689
1.74053E+12,260.96707645735296
1.74061E+12,-4242.122288
1.7407E+12,639.3435939817064
1.74079E+12,-1539.031788
1.74087E+12,-4263.670266
1.74096E+12,389.4997978749016
1.74105E+12,-1043.30337
1.74113E+12,1782.9727630719644
1.74122E+12,1077.3574080049766
1.74131E+12,4190.948029578074
1.74139E+12,-3.919140898
1.74148E+12,2044.9212308930585
1.74156E+12,-4661.273277
1.74165E+12,-10742.99794
1.74174E+12,-19042.67082
1.74182E+12,-8097.859377
1.74191E+12,-1866.020688
1.742E+12,-1329.354346
1.74208E+12,306.59294268298436
1.74217E+12,-1082.15659
1.74226E+12,1627.1659153337932
1.74234E+12,-4578.535275
1.74243E+12,1160.1160708698808
1.74252E+12,-2380.674806
1.7426E+12,-368.060487
1.74269E+12,-1107.16766
1.74277E+12,-10147.60615
1.74286E+12,-27298.78344
1.74295E+12,4468.534329154736
1.74303E+12,-1602.199031
1.74312E+12,-3456.485255
1.74321E+12,659.4872447905509
1.74329E+12,4523.636371227833
1.74338E+12,11464.69091238522
1.74347E+12,-1879.315376
1.74355E+12,-2120.960293
1.74364E+12,-10681.56878
1.74372E+12,856.4229121787212
1.74381E+12,2885.7252811367907
1.7439E+12,6045.051393759717
1.74398E+12,1071.7017807047378
1.74407E+12,2972.511170411395
1.74416E+12,-3261.432899
1.74424E+12,1922.889058294706
1.74433E+12,-36799.20956
