start_time,date,reserve,reserve_usd
1742342400000,2025-03-19,2464856.78090028,213981885845.57388
1742428800000,2025-03-20,2465868.66060691,207717218974.44415
1742515200000,2025-03-21,2462066.17798355,206927150129.5115
1742601600000,2025-03-22,2461185.09819592,206332476875.9204
1742688000000,2025-03-23,2459825.5964079,210923980738.2188
1742774400000,2025-03-24,2450742.58395408,214550235563.66568
1742860800000,2025-03-25,2426130.30014821,212255110843.80695
1742947200000,2025-03-26,2426337.85075659,210773484934.4664
1743033600000,2025-03-27,2425290.86423094,211554408797.2354
1743120000000,2025-03-28,2419603.16219014,204168999732.8234
1743206400000,2025-03-29,2420926.16275517,199957623043.40195
1743292800000,2025-03-30,2424601.73732838,199459529957.7315
1743379200000,2025-03-31,2439941.78438563,200919842091.7819
1743465600000,2025-04-01,2438750.14537128,207771170786.38287
1743552000000,2025-04-02,2438392.79024631,201206570856.53973
1743638400000,2025-04-03,2429063.08496776,201865174266.64032
1743724800000,2025-04-04,2428943.15967714,203596025032.5673
1743811200000,2025-04-05,2432580.11622945,202678091682.3914
1743897600000,2025-04-06,2436632.10390304,190325842422.60873
1743984000000,2025-04-07,2433789.82312319,193981890176.72455
1742342400000,2025-03-19,2464856.78090028,213981885845.57388
1742428800000,2025-03-20,2465868.66060691,207717218974.44415
1742515200000,2025-03-21,2462066.17798355,206927150129.5115
1742601600000,2025-03-22,2461185.09819592,206332476875.9204
1742688000000,2025-03-23,2459825.5964079,210923980738.2188
1742774400000,2025-03-24,2450742.58395408,214550235563.66568
1742860800000,2025-03-25,2426130.30014821,212255110843.80695
1742947200000,2025-03-26,2426337.85075659,210773484934.4664
1743033600000,2025-03-27,2425290.86423094,211554408797.2354
1743120000000,2025-03-28,2419603.16219014,204168999732.8234
1743206400000,2025-03-29,2420926.16275517,199957623043.40195
1743292800000,2025-03-30,2424601.73732838,199459529957.7315
1743379200000,2025-03-31,2439941.78438563,200919842091.7819
1743465600000,2025-04-01,2438750.14537128,207771170786.38287
1743552000000,2025-04-02,2438392.79024631,201206570856.53973
1743638400000,2025-04-03,2429063.08496776,201865174266.64032
1743724800000,2025-04-04,2428943.15967714,203596025032.5673
1743811200000,2025-04-05,2432580.11622945,202678091682.3914
1743897600000,2025-04-06,2436632.10390304,190325842422.60873
1743984000000,2025-04-07,2433789.82312319,193981890176.72455
1742342400000,2025-03-19,2464856.78090028,213981885845.57388
1742428800000,2025-03-20,2465868.66060691,207717218974.44415
1742515200000,2025-03-21,2462066.17798355,206927150129.5115
1742601600000,2025-03-22,2461185.09819592,206332476875.9204
1742688000000,2025-03-23,2459825.5964079,210923980738.2188
1742774400000,2025-03-24,2450742.58395408,214550235563.66568
1742860800000,2025-03-25,2426130.30014821,212255110843.80695
1742947200000,2025-03-26,2426337.85075659,210773484934.4664
1743033600000,2025-03-27,2425290.86423094,211554408797.2354
1743120000000,2025-03-28,2419603.16219014,204168999732.8234
1743206400000,2025-03-29,2420926.16275517,199957623043.40195
1743292800000,2025-03-30,2424601.73732838,199459529957.7315
1743379200000,2025-03-31,2439941.78438563,200919842091.7819
1743465600000,2025-04-01,2438750.14537128,207771170786.38287
1743552000000,2025-04-02,2438392.79024631,201206570856.53973
1743638400000,2025-04-03,2429063.08496776,201865174266.64032
1743724800000,2025-04-04,2428943.15967714,203596025032.5673
1743811200000,2025-04-05,2432580.11622945,202678091682.3914
1743897600000,2025-04-06,2436632.10390304,190325842422.60873
1743984000000,2025-04-07,2433789.82312319,193981890176.72455
1742342400000,2025-03-19,2464856.78090028,213981885845.57388
1742428800000,2025-03-20,2465868.66060691,207717218974.44415
1742515200000,2025-03-21,2462066.17798355,206927150129.5115
1742601600000,2025-03-22,2461185.09819592,206332476875.9204
1742688000000,2025-03-23,2459825.5964079,210923980738.2188
1742774400000,2025-03-24,2450742.58395408,214550235563.66568
1742860800000,2025-03-25,2426130.30014821,212255110843.80695
1742947200000,2025-03-26,2426337.85075659,210773484934.4664
1743033600000,2025-03-27,2425290.86423094,211554408797.2354
1743120000000,2025-03-28,2419603.16219014,204168999732.8234
1743206400000,2025-03-29,2420926.16275517,199957623043.40195
1743292800000,2025-03-30,2424601.73732838,199459529957.7315
1743379200000,2025-03-31,2439941.78438563,200919842091.7819
1743465600000,2025-04-01,2438750.14537128,207771170786.38287
1743552000000,2025-04-02,2438392.79024631,201206570856.53973
1743638400000,2025-04-03,2429063.08496776,201865174266.64032
1743724800000,2025-04-04,2428943.15967714,203596025032.5673
1743811200000,2025-04-05,2432580.11622945,202678091682.3914
1743897600000,2025-04-06,2436632.10390304,190325842422.60873
1743984000000,2025-04-07,2433789.82312319,193981890176.72455
1430697600000,2015-05-04,765
1430784000000,2015-05-05,435
1430870400000,2015-05-06,125
1430956800000,2015-05-07,2844
1431043200000,2015-05-08,14807
1431302400000,2015-05-11,2756
1431388800000,2015-05-12,2286
1431475200000,2015-05-13,327
1431561600000,2015-05-14,19894
1431648000000,2015-05-15,2320
1431907200000,2015-05-18,4950
1431993600000,2015-05-19,4308
1432080000000,2015-05-20,4859
1432166400000,2015-05-21,2882
1432252800000,2015-05-22,4971
1432598400000,2015-05-26,1148
1432684800000,2015-05-27,404
1432771200000,2015-05-28,1140
1432857600000,2015-05-29,463
1433116800000,2015-06-01,1046
1433203200000,2015-06-02,1408
1433289600000,2015-06-03,414
1433376000000,2015-06-04,1926
1433462400000,2015-06-05,875
1433721600000,2015-06-08,1866
1433808000000,2015-06-09,737
1433894400000,2015-06-10,796
1433980800000,2015-06-11,1329
1434067200000,2015-06-12,1838
1434326400000,2015-06-15,1156
1434412800000,2015-06-16,4750
1434499200000,2015-06-17,21115
1434585600000,2015-06-18,1713
1434672000000,2015-06-19,1772
1434931200000,2015-06-22,2325
1435017600000,2015-06-23,2376
1435104000000,2015-06-24,1965
1435190400000,2015-06-25,165
1435276800000,2015-06-26,3019
1435536000000,2015-06-29,22701
1435622400000,2015-06-30,2396
1435708800000,2015-07-01,3468
1435795200000,2015-07-02,2258
1436140800000,2015-07-06,4836
1436227200000,2015-07-07,6217
1436313600000,2015-07-08,7372
1436400000000,2015-07-09,6067
1436486400000,2015-07-10,27256
1436745600000,2015-07-13,5740
1436832000000,2015-07-14,9471
1436918400000,2015-07-15,14385
1437004800000,2015-07-16,5269
1437091200000,2015-07-17,3139
1437350400000,2015-07-20,3331
1437436800000,2015-07-21,6248
1437523200000,2015-07-22,3548
1437609600000,2015-07-23,992
1437696000000,2015-07-24,1436
1437955200000,2015-07-27,5065
1438041600000,2015-07-28,3871
1438128000000,2015-07-29,6834
1438214400000,2015-07-30,306
1438300800000,2015-07-31,203
1438560000000,2015-08-03,1288
1438646400000,2015-08-04,608
1438732800000,2015-08-05,892
1438819200000,2015-08-06,1262
1438905600000,2015-08-07,1282
1439164800000,2015-08-10,100
1439251200000,2015-08-11,790
1439337600000,2015-08-12,983
1439424000000,2015-08-13,1141
1439510400000,2015-08-14,1038
1439769600000,2015-08-17,883
1439856000000,2015-08-18,1629
1439942400000,2015-08-19,5870
1440028800000,2015-08-20,2623
1440115200000,2015-08-21,2975
1440374400000,2015-08-24,3508
1440460800000,2015-08-25,2030
1440547200000,2015-08-26,1137
1440633600000,2015-08-27,1594
1440720000000,2015-08-28,1896
1440979200000,2015-08-31,1661
1441065600000,2015-09-01,1941
1441152000000,2015-09-02,624
1441238400000,2015-09-03,1818
1441324800000,2015-09-04,528
1441670400000,2015-09-08,11040
1441756800000,2015-09-09,751
1441843200000,2015-09-10,587
1441929600000,2015-09-11,3429
1442188800000,2015-09-14,170
1442275200000,2015-09-15,298
1442361600000,2015-09-16,515
1442448000000,2015-09-17,1314
1442534400000,2015-09-18,1487
1442793600000,2015-09-21,850
1442880000000,2015-09-22,241
1442966400000,2015-09-23,1715
1443052800000,2015-09-24,1159
1443139200000,2015-09-25,121
1443398400000,2015-09-28,2874
1443484800000,2015-09-29,2913
1443571200000,2015-09-30,1840
1443657600000,2015-10-01,1248
1443744000000,2015-10-02,880
1444003200000,2015-10-05,605
1444089600000,2015-10-06,7567
1444176000000,2015-10-07,577
1444262400000,2015-10-08,1965
1444348800000,2015-10-09,290
1444608000000,2015-10-12,11
1444694400000,2015-10-13,1521
1444780800000,2015-10-14,1443
1444867200000,2015-10-15,1135
1444953600000,2015-10-16,10892
1445212800000,2015-10-19,4068
1445299200000,2015-10-20,2886
1445385600000,2015-10-21,9731
1445472000000,2015-10-22,2791
1445558400000,2015-10-23,412
1445817600000,2015-10-26,12736
1445904000000,2015-10-27,9545
1445990400000,2015-10-28,10720
1446076800000,2015-10-29,24690
1446163200000,2015-10-30,36698
1446422400000,2015-11-02,24010
1446508800000,2015-11-03,71697
1446595200000,2015-11-04,48818
1446681600000,2015-11-05,37387
1446768000000,2015-11-06,17813
1447027200000,2015-11-09,16411
1447113600000,2015-11-10,8964
1447200000000,2015-11-11,12790
1447286400000,2015-11-12,8763
1447372800000,2015-11-13,5259
1447632000000,2015-11-16,4890
1447718400000,2015-11-17,6099
1447804800000,2015-11-18,861
1447891200000,2015-11-19,5674
1447977600000,2015-11-20,5793
1448236800000,2015-11-23,1413
1448323200000,2015-11-24,4659
1448409600000,2015-11-25,1289
1448582400000,2015-11-27,12496
1448841600000,2015-11-30,10773
1448928000000,2015-12-01,5904
1449014400000,2015-12-02,4385
1449100800000,2015-12-03,2345
1449187200000,2015-12-04,958
1449446400000,2015-12-07,19990
1449532800000,2015-12-08,10255
1449619200000,2015-12-09,36266
1449705600000,2015-12-10,4517
1449792000000,2015-12-11,63439
1450051200000,2015-12-14,11951
1450137600000,2015-12-15,17288
1450224000000,2015-12-16,10801
1450310400000,2015-12-17,7475
1450396800000,2015-12-18,11261
1450656000000,2015-12-21,7603
1450742400000,2015-12-22,4475
1450828800000,2015-12-23,10778
1450915200000,2015-12-24,5503
1451260800000,2015-12-28,10003
1451347200000,2015-12-29,5569
1451433600000,2015-12-30,7534
1451520000000,2015-12-31,12596
1451865600000,2016-01-04,15093
1451952000000,2016-01-05,5776
1452038400000,2016-01-06,10536
1452124800000,2016-01-07,21129
1452211200000,2016-01-08,5853
1452470400000,2016-01-11,7357
1452556800000,2016-01-12,10862
1452643200000,2016-01-13,10290
1452729600000,2016-01-14,8501
1452816000000,2016-01-15,42866
1453161600000,2016-01-19,16725
1453248000000,2016-01-20,20224
1453334400000,2016-01-21,9562
1453420800000,2016-01-22,10599
1453680000000,2016-01-25,582
1453766400000,2016-01-26,4268
1453852800000,2016-01-27,3054
1453939200000,2016-01-28,6708
1454025600000,2016-01-29,2881
1454284800000,2016-02-01,1818
1454371200000,2016-02-02,2152
1454457600000,2016-02-03,7690
1454544000000,2016-02-04,6079
1454630400000,2016-02-05,3297
1454889600000,2016-02-08,3031
1454976000000,2016-02-09,275
1455062400000,2016-02-10,4296
1455148800000,2016-02-11,4647
1455235200000,2016-02-12,1464
1455580800000,2016-02-16,13354
1455667200000,2016-02-17,11324
1455753600000,2016-02-18,6119
1455840000000,2016-02-19,4911
1456099200000,2016-02-22,7386
1456185600000,2016-02-23,4679
1456272000000,2016-02-24,3413
1456358400000,2016-02-25,1293
1456444800000,2016-02-26,2020
1456704000000,2016-02-29,2739
1456790400000,2016-03-01,6955
1456876800000,2016-03-02,3044
1456963200000,2016-03-03,11129
1457049600000,2016-03-04,7004
1457308800000,2016-03-07,5870
1457395200000,2016-03-08,2603
1457481600000,2016-03-09,1301
1457568000000,2016-03-10,1538
1457654400000,2016-03-11,6926
1457913600000,2016-03-14,2657
1458000000000,2016-03-15,2262
1458086400000,2016-03-16,846
1458172800000,2016-03-17,1578
1458259200000,2016-03-18,1895
1458518400000,2016-03-21,2493
1458604800000,2016-03-22,2909
1458691200000,2016-03-23,2000
1458777600000,2016-03-24,1809
1459123200000,2016-03-28,2301
1459209600000,2016-03-29,1897
1459296000000,2016-03-30,2562
1459382400000,2016-03-31,2407
1459468800000,2016-04-01,3324
1459728000000,2016-04-04,2132
1459814400000,2016-04-05,3828
1459900800000,2016-04-06,2121
1459987200000,2016-04-07,4935
1460073600000,2016-04-08,3609
1460332800000,2016-04-11,3995
1460419200000,2016-04-12,5792
1460505600000,2016-04-13,4030
1460592000000,2016-04-14,1676
1460678400000,2016-04-15,9332
1460937600000,2016-04-18,4555
1461024000000,2016-04-19,3818
1461110400000,2016-04-20,9947
1461196800000,2016-04-21,10616
1461283200000,2016-04-22,10186
1461542400000,2016-04-25,10042
1461628800000,2016-04-26,16248
1461715200000,2016-04-27,18256
1461801600000,2016-04-28,10121
1461888000000,2016-04-29,5194
1462147200000,2016-05-02,16061
1462233600000,2016-05-03,9556
1462320000000,2016-05-04,2997
1462406400000,2016-05-05,3965
1462492800000,2016-05-06,5315
1462752000000,2016-05-09,12220
1462838400000,2016-05-10,4029
1462924800000,2016-05-11,1580
1463011200000,2016-05-12,4393
1463097600000,2016-05-13,7956
1463356800000,2016-05-16,12088
1463443200000,2016-05-17,6929
1463529600000,2016-05-18,10936
1463616000000,2016-05-19,9332
1463702400000,2016-05-20,3882
1463961600000,2016-05-23,3308
1464048000000,2016-05-24,3578
1464134400000,2016-05-25,3499
1464220800000,2016-05-26,2389
1464307200000,2016-05-27,12373
1464652800000,2016-05-31,17557
1464739200000,2016-06-01,16580
1464825600000,2016-06-02,5171
1464912000000,2016-06-03,21379
1465171200000,2016-06-06,13366
1465257600000,2016-06-07,14510
1465344000000,2016-06-08,10775
1465430400000,2016-06-09,8149
1465516800000,2016-06-10,11836
1465776000000,2016-06-13,39139
1465862400000,2016-06-14,15752
1465948800000,2016-06-15,11684
1466035200000,2016-06-16,43490
1466121600000,2016-06-17,40652
1466380800000,2016-06-20,47009
1466467200000,2016-06-21,41953
1466553600000,2016-06-22,13999
1466640000000,2016-06-23,44215
1466726400000,2016-06-24,24604
1466985600000,2016-06-27,9284
1467072000000,2016-06-28,7922
1467158400000,2016-06-29,12752
1467244800000,2016-06-30,13719
1467331200000,2016-07-01,5925
1467676800000,2016-07-05,7795
1467763200000,2016-07-06,7658
1467849600000,2016-07-07,8250
1467936000000,2016-07-08,13473
1468195200000,2016-07-11,11457
1468281600000,2016-07-12,7683
1468368000000,2016-07-13,5889
1468454400000,2016-07-14,4723
1468540800000,2016-07-15,5010
1468800000000,2016-07-18,6958
1468886400000,2016-07-19,18491
1468972800000,2016-07-20,8250
1469059200000,2016-07-21,2589
1469145600000,2016-07-22,2996
1469404800000,2016-07-25,6584
1469491200000,2016-07-26,2620
1469577600000,2016-07-27,4036
1469664000000,2016-07-28,26240
1469750400000,2016-07-29,8485
1470009600000,2016-08-01,13647
1470096000000,2016-08-02,15168
1470182400000,2016-08-03,14807
1470268800000,2016-08-04,10975
1470355200000,2016-08-05,5999
1470614400000,2016-08-08,1758
1470700800000,2016-08-09,1243
1470787200000,2016-08-10,3333
1470873600000,2016-08-11,1835
1470960000000,2016-08-12,2671
1471219200000,2016-08-15,4495
1471305600000,2016-08-16,5407
1471392000000,2016-08-17,5136
1471478400000,2016-08-18,1269
1471564800000,2016-08-19,1909
1471824000000,2016-08-22,6200
1471910400000,2016-08-23,8389
1471996800000,2016-08-24,17711
1472083200000,2016-08-25,16111
1472169600000,2016-08-26,6336
1472428800000,2016-08-29,1504
1472515200000,2016-08-30,1667
1472601600000,2016-08-31,4502
1472688000000,2016-09-01,1979
1472774400000,2016-09-02,2155
1473120000000,2016-09-06,8480
1473206400000,2016-09-07,5856
1473292800000,2016-09-08,7534
1473379200000,2016-09-09,2028
1473638400000,2016-09-12,10418
1473724800000,2016-09-13,3082
1473811200000,2016-09-14,559
1473897600000,2016-09-15,1180
1473984000000,2016-09-16,3219
1474243200000,2016-09-19,1018
1474329600000,2016-09-20,370
1474416000000,2016-09-21,3018
1474502400000,2016-09-22,632
1474588800000,2016-09-23,2951
1474848000000,2016-09-26,1019
1474934400000,2016-09-27,795
1475020800000,2016-09-28,1093
1475107200000,2016-09-29,2058
1475193600000,2016-09-30,634
1475452800000,2016-10-03,1040
1475539200000,2016-10-04,2082
1475625600000,2016-10-05,1250
1475712000000,2016-10-06,3144
1475798400000,2016-10-07,1864
1476057600000,2016-10-10,1081
1476144000000,2016-10-11,7439
1476230400000,2016-10-12,4309
1476316800000,2016-10-13,3857
1476403200000,2016-10-14,2810
1476662400000,2016-10-17,3707
1476748800000,2016-10-18,516
1476835200000,2016-10-19,2897
1476921600000,2016-10-20,684
1477008000000,2016-10-21,555
1477267200000,2016-10-24,3399
1477353600000,2016-10-25,4074
1477440000000,2016-10-26,12701
1477526400000,2016-10-27,3474
1477612800000,2016-10-28,7213
1477872000000,2016-10-31,3866
1477958400000,2016-11-01,11525
1478044800000,2016-11-02,4749
1478131200000,2016-11-03,11286
1478217600000,2016-11-04,5889
1478476800000,2016-11-07,2737
1478563200000,2016-11-08,2076
1478649600000,2016-11-09,5809
1478736000000,2016-11-10,9208
1478822400000,2016-11-11,1844
1479081600000,2016-11-14,5773
1479168000000,2016-11-15,4721
1479254400000,2016-11-16,9208
1479340800000,2016-11-17,6142
1479427200000,2016-11-18,2506
1479686400000,2016-11-21,3951
1479772800000,2016-11-22,4318
1479859200000,2016-11-23,3823
1480032000000,2016-11-25,1812
1480291200000,2016-11-28,3091
1480377600000,2016-11-29,14196
1480464000000,2016-11-30,20072
1480550400000,2016-12-01,2309
1480636800000,2016-12-02,5660
1480896000000,2016-12-05,3443
1480982400000,2016-12-06,5526
1481068800000,2016-12-07,3950
1481155200000,2016-12-08,17093
1481241600000,2016-12-09,3428
1481500800000,2016-12-12,4026
1481587200000,2016-12-13,5697
1481673600000,2016-12-14,3453
1481760000000,2016-12-15,8748
1481846400000,2016-12-16,3843
1482105600000,2016-12-19,6872
1482192000000,2016-12-20,3539
1482278400000,2016-12-21,24822
1482364800000,2016-12-22,13358
1482451200000,2016-12-23,24624
1482796800000,2016-12-27,35983
1482883200000,2016-12-28,29140
1482969600000,2016-12-29,18306
1483056000000,2016-12-30,15405
1483401600000,2017-01-03,43388
1483488000000,2017-01-04,80240
1483574400000,2017-01-05,54273
1483660800000,2017-01-06,59694
1483920000000,2017-01-09,14712
1484006400000,2017-01-10,18701
1484092800000,2017-01-11,58328
1484179200000,2017-01-12,39423
1484265600000,2017-01-13,18935
1484611200000,2017-01-17,42240
1484697600000,2017-01-18,25895
1484784000000,2017-01-19,25175
1484870400000,2017-01-20,22226
1485129600000,2017-01-23,12893
1485216000000,2017-01-24,18804
1485302400000,2017-01-25,31228
1485388800000,2017-01-26,24396
1485475200000,2017-01-27,20415
1485734400000,2017-01-30,16712
1485820800000,2017-01-31,31101
1485907200000,2017-02-01,36923
1485993600000,2017-02-02,37177
1486080000000,2017-02-03,22522
1486339200000,2017-02-06,9854
1486425600000,2017-02-07,28842
1486512000000,2017-02-08,20522
1486598400000,2017-02-09,33231
1486684800000,2017-02-10,28296
1486944000000,2017-02-13,9711
1487030400000,2017-02-14,21042
1487116800000,2017-02-15,8041
1487203200000,2017-02-16,12841
1487289600000,2017-02-17,13631
1487635200000,2017-02-21,42439
1487721600000,2017-02-22,28530
1487808000000,2017-02-23,49314
1487894400000,2017-02-24,41080
1488153600000,2017-02-27,26039
1488240000000,2017-02-28,20313
1488326400000,2017-03-01,33392
1488412800000,2017-03-02,53917
1488499200000,2017-03-03,46711
1488758400000,2017-03-06,53546
1488844800000,2017-03-07,56208
1488931200000,2017-03-08,43533
1489017600000,2017-03-09,32396
1489104000000,2017-03-10,45358
1489363200000,2017-03-13,44877
1489449600000,2017-03-14,18450
1489536000000,2017-03-15,17659
1489622400000,2017-03-16,37045
1489708800000,2017-03-17,63033
1489968000000,2017-03-20,77844
1490054400000,2017-03-21,39578
1490140800000,2017-03-22,36085
1490227200000,2017-03-23,7562
1490313600000,2017-03-24,22583
1490572800000,2017-03-27,13473
1490659200000,2017-03-28,16354
1490745600000,2017-03-29,7779
1490832000000,2017-03-30,5169
1490918400000,2017-03-31,18881
1491177600000,2017-04-03,16578
1491264000000,2017-04-04,10761
1491350400000,2017-04-05,5879
1491436800000,2017-04-06,15449
1491523200000,2017-04-07,10402
1491782400000,2017-04-10,13872
1491868800000,2017-04-11,11123
1491955200000,2017-04-12,4314
1492041600000,2017-04-13,15040
1492387200000,2017-04-17,8043
1492473600000,2017-04-18,11683
1492560000000,2017-04-19,3964
1492646400000,2017-04-20,9643
1492732800000,2017-04-21,11063
1492992000000,2017-04-24,6797
1493078400000,2017-04-25,20317
1493164800000,2017-04-26,36940
1493251200000,2017-04-27,44576
1493337600000,2017-04-28,23166
1493596800000,2017-05-01,53612
1493683200000,2017-05-02,45573
1493769600000,2017-05-03,34087
1493856000000,2017-05-04,56260
1493942400000,2017-05-05,35966
1494201600000,2017-05-08,44005
1494288000000,2017-05-09,65621
1494374400000,2017-05-10,128300
1494460800000,2017-05-11,60562
1494547200000,2017-05-12,60928
1494806400000,2017-05-15,32118
1494892800000,2017-05-16,41476
1494979200000,2017-05-17,41261
1495065600000,2017-05-18,48607
1495152000000,2017-05-19,49199
1495411200000,2017-05-22,123325
1495497600000,2017-05-23,141904
1495584000000,2017-05-24,337500
1495670400000,2017-05-25,448000
1495756800000,2017-05-26,221743
1496102400000,2017-05-30,138242
1496188800000,2017-05-31,123197
1496275200000,2017-06-01,136270
1496361600000,2017-06-02,86817
1496620800000,2017-06-05,81889
1496707200000,2017-06-06,113399
1496793600000,2017-06-07,58004
1496880000000,2017-06-08,100126
1496966400000,2017-06-09,105618
1497225600000,2017-06-12,127076
1497312000000,2017-06-13,57670
1497398400000,2017-06-14,74670
1497484800000,2017-06-15,124056
1497571200000,2017-06-16,52825
1497830400000,2017-06-19,49032
1497916800000,2017-06-20,54675
1498003200000,2017-06-21,50815
1498089600000,2017-06-22,26549
1498176000000,2017-06-23,22149
1498435200000,2017-06-26,58305
1498521600000,2017-06-27,44431
1498608000000,2017-06-28,30947
1498694400000,2017-06-29,18758
1498780800000,2017-06-30,13131
1499040000000,2017-07-03,20576
1499212800000,2017-07-05,14519
1499299200000,2017-07-06,12421
1499385600000,2017-07-07,18675
1499644800000,2017-07-10,26406
1499731200000,2017-07-11,20758
1499817600000,2017-07-12,29055
1499904000000,2017-07-13,15786
1499990400000,2017-07-14,26835
1500249600000,2017-07-17,62500
1500336000000,2017-07-18,62037
1500422400000,2017-07-19,45665
1500508800000,2017-07-20,63746
1500595200000,2017-07-21,45926
1500854400000,2017-07-24,39290
1500940800000,2017-07-25,34062
1501027200000,2017-07-26,15372
1501113600000,2017-07-27,16481
1501200000000,2017-07-28,33155
1501459200000,2017-07-31,34078
1501545600000,2017-08-01,28496
1501632000000,2017-08-02,61445
1501718400000,2017-08-03,34994
1501804800000,2017-08-04,29271
1502064000000,2017-08-07,80156
1502150400000,2017-08-08,58287
1502236800000,2017-08-09,32413
1502323200000,2017-08-10,62913
1502409600000,2017-08-11,95338
1502668800000,2017-08-14,141658
1502755200000,2017-08-15,127290
1502841600000,2017-08-16,74287
1502928000000,2017-08-17,101356
1503014400000,2017-08-18,85400
1503273600000,2017-08-21,71426
1503360000000,2017-08-22,60293
1503446400000,2017-08-23,32752
1503532800000,2017-08-24,45377
1503619200000,2017-08-25,57771
1503878400000,2017-08-28,36003
1503964800000,2017-08-29,87985
1504051200000,2017-08-30,105135
1504137600000,2017-08-31,166100
1504224000000,2017-09-01,283098
1504569600000,2017-09-05,148271
1504656000000,2017-09-06,61988
1504742400000,2017-09-07,73774
1504828800000,2017-09-08,87874
1505088000000,2017-09-11,75040
1505174400000,2017-09-12,64180
1505260800000,2017-09-13,169029
1505347200000,2017-09-14,139976
1505433600000,2017-09-15,161301
1505692800000,2017-09-18,117750
1505779200000,2017-09-19,68935
1505865600000,2017-09-20,37413
1505952000000,2017-09-21,66290
1506038400000,2017-09-22,44056
1506297600000,2017-09-25,54564
1506384000000,2017-09-26,27712
1506470400000,2017-09-27,56560
1506556800000,2017-09-28,32925
1506643200000,2017-09-29,32091
1506902400000,2017-10-02,37568
1506988800000,2017-10-03,30075
1507075200000,2017-10-04,18610
1507161600000,2017-10-05,19529
1507248000000,2017-10-06,19528
1507507200000,2017-10-09,63403
1507593600000,2017-10-10,52918
1507680000000,2017-10-11,87069
1507766400000,2017-10-12,74211
1507852800000,2017-10-13,66203
1508112000000,2017-10-16,38272
1508198400000,2017-10-17,62304
1508284800000,2017-10-18,31675
1508371200000,2017-10-19,27855
1508457600000,2017-10-20,60684
1508716800000,2017-10-23,36266
1508803200000,2017-10-24,18301
1508889600000,2017-10-25,25467
1508976000000,2017-10-26,52812
1509062400000,2017-10-27,43586
1509321600000,2017-10-30,64079
1509408000000,2017-10-31,129576
1509494400000,2017-11-01,145961
1509580800000,2017-11-02,108618
1509667200000,2017-11-03,91917
1509926400000,2017-11-06,99760
1510012800000,2017-11-07,54663
1510099200000,2017-11-08,115291
1510185600000,2017-11-09,35307
1510272000000,2017-11-10,84542
1510531200000,2017-11-13,69393
1510617600000,2017-11-14,76149
1510704000000,2017-11-15,64587
1510790400000,2017-11-16,54519
1510876800000,2017-11-17,55769
1511136000000,2017-11-20,59875
1511222400000,2017-11-21,53293
1511308800000,2017-11-22,49843
1511481600000,2017-11-24,48756
1511740800000,2017-11-27,181615
1511827200000,2017-11-28,231657
1511913600000,2017-11-29,338813
1512000000000,2017-11-30,173866
1512086400000,2017-12-01,123219
1512345600000,2017-12-04,124991
1512432000000,2017-12-05,297056
1512518400000,2017-12-06,190481
1512604800000,2017-12-07,244107
1512691200000,2017-12-08,164520
1512950400000,2017-12-11,161205
1513036800000,2017-12-12,235966
1513123200000,2017-12-13,263761
1513209600000,2017-12-14,107456
1513296000000,2017-12-15,147202
1513555200000,2017-12-18,229079
1513641600000,2017-12-19,256116
1513728000000,2017-12-20,266626
1513814400000,2017-12-21,282615
1513900800000,2017-12-22,332871
1514246400000,2017-12-26,183667
1514332800000,2017-12-27,129202
1514419200000,2017-12-28,104952
1514505600000,2017-12-29,69730
1514851200000,2018-01-02,117396
1514937600000,2018-01-03,84108
1515024000000,2018-01-04,53875
1515110400000,2018-01-05,80844
1515369600000,2018-01-08,87459
1515456000000,2018-01-09,52368
1515542400000,2018-01-10,107135
1515628800000,2018-01-11,134580
1515715200000,2018-01-12,93713
1516060800000,2018-01-16,110509
1516147200000,2018-01-17,171970
1516233600000,2018-01-18,94488
1516320000000,2018-01-19,74158
1516579200000,2018-01-22,49758
1516665600000,2018-01-23,59581
1516752000000,2018-01-24,34783
1516838400000,2018-01-25,25926
1516924800000,2018-01-26,32166
1517184000000,2018-01-29,4823899
1517270400000,2018-01-30,5061831
1517356800000,2018-01-31,8460770
1517443200000,2018-02-01,12841735
1517529600000,2018-02-02,10203583
1517788800000,2018-02-05,12165786
1517875200000,2018-02-06,9410048
1517961600000,2018-02-07,9820615
1518048000000,2018-02-08,5211696
1518134400000,2018-02-09,3938123
1518393600000,2018-02-12,4172032
1518480000000,2018-02-13,2317114
1518566400000,2018-02-14,6482816
1518652800000,2018-02-15,9015808
1518739200000,2018-02-16,6899786
1519084800000,2018-02-20,6919252
1519171200000,2018-02-21,5963642
1519257600000,2018-02-22,6643852
1519344000000,2018-02-23,4660164
1519603200000,2018-02-26,4027363
1519689600000,2018-02-27,3504878
1519776000000,2018-02-28,2028532
1519862400000,2018-03-01,2036547
1519948800000,2018-03-02,1998813
1520208000000,2018-03-05,3143133
1520294400000,2018-03-06,3915040
1520380800000,2018-03-07,7850750
1520467200000,2018-03-08,4784385
1520553600000,2018-03-09,4362168
1520812800000,2018-03-12,3085645
1520899200000,2018-03-13,2607587
1520985600000,2018-03-14,5493265
1521072000000,2018-03-15,3971861
1521158400000,2018-03-16,3515383
1521417600000,2018-03-19,3263841
1521504000000,2018-03-20,3474798
1521590400000,2018-03-21,4044044
1521676800000,2018-03-22,2364270
1521763200000,2018-03-23,2319132
1522022400000,2018-03-26,4264022
1522108800000,2018-03-27,4114409
1522195200000,2018-03-28,3885889
1522281600000,2018-03-29,5229403
1522627200000,2018-04-02,3366176
1522713600000,2018-04-03,3808861
1522800000000,2018-04-04,3450871
1522886400000,2018-04-05,3308872
1522972800000,2018-04-06,2934548
1523232000000,2018-04-09,2137848
1523318400000,2018-04-10,2322218
1523404800000,2018-04-11,2214684
1523491200000,2018-04-12,4328163
1523577600000,2018-04-13,4595658
1523836800000,2018-04-16,2480680
1523923200000,2018-04-17,3136711
1524009600000,2018-04-18,2134557
1524096000000,2018-04-19,2516055
1524182400000,2018-04-20,4060123
1524441600000,2018-04-23,3006712
1524528000000,2018-04-24,5614493
1524614400000,2018-04-25,6974751
1524700800000,2018-04-26,3008876
1524787200000,2018-04-27,3294509
1525046400000,2018-04-30,2348925
1525132800000,2018-05-01,2554877
1525219200000,2018-05-02,2087751
1525305600000,2018-05-03,3854155
1525392000000,2018-05-04,2529075
1525651200000,2018-05-07,3125884
1525737600000,2018-05-08,2462899
1525824000000,2018-05-09,2343370
1525910400000,2018-05-10,2666364
1525996800000,2018-05-11,3952731
1526256000000,2018-05-14,2890429
1526342400000,2018-05-15,1953235
1526428800000,2018-05-16,2136296
1526515200000,2018-05-17,1590529
1526601600000,2018-05-18,1947860
1526860800000,2018-05-21,1253617
1526947200000,2018-05-22,1926438
1527033600000,2018-05-23,6441486
1527120000000,2018-05-24,2258571
1527206400000,2018-05-25,1077130
1527552000000,2018-05-29,2226461
1527638400000,2018-05-30,1789650
1527724800000,2018-05-31,1407743
1527811200000,2018-06-01,937828
1528070400000,2018-06-04,1263455
1528156800000,2018-06-05,1855877
1528243200000,2018-06-06,2567948
1528329600000,2018-06-07,1069467
1528416000000,2018-06-08,1022366
1528675200000,2018-06-11,4427020
1528761600000,2018-06-12,3516336
1528848000000,2018-06-13,5518034
1528934400000,2018-06-14,4186580
1529020800000,2018-06-15,2481050
1529280000000,2018-06-18,2086369
1529366400000,2018-06-19,1592406
1529452800000,2018-06-20,1320829
1529539200000,2018-06-21,1112121
1529625600000,2018-06-22,3690889
1529884800000,2018-06-25,3921987
1529971200000,2018-06-26,3693069
1530057600000,2018-06-27,5544879
1530144000000,2018-06-28,2173975
1530230400000,2018-06-29,1892482
1530489600000,2018-07-02,4230882
1530576000000,2018-07-03,1000581
1530748800000,2018-07-05,1853712
1530835200000,2018-07-06,1277628
1531094400000,2018-07-09,2172048
1531180800000,2018-07-10,3730074
1531267200000,2018-07-11,885748
1531353600000,2018-07-12,1577593
1531440000000,2018-07-13,1141174
1531699200000,2018-07-16,3047461
1531785600000,2018-07-17,5224545
1531872000000,2018-07-18,6400224
1531958400000,2018-07-19,3275185
1532044800000,2018-07-20,2883560
1532304000000,2018-07-23,3378356
1532390400000,2018-07-24,4184048
1532476800000,2018-07-25,3138477
1532563200000,2018-07-26,1322281
1532649600000,2018-07-27,3081955
1532908800000,2018-07-30,2299853
1532995200000,2018-07-31,2814303
1533081600000,2018-08-01,1870940
1533168000000,2018-08-02,1672324
1533254400000,2018-08-03,2150111
1533513600000,2018-08-06,2340849
1533600000000,2018-08-07,1333246
1533686400000,2018-08-08,3777128
1533772800000,2018-08-09,2174935
1533859200000,2018-08-10,1281395
1534118400000,2018-08-13,2099204
1534204800000,2018-08-14,1993300
1534291200000,2018-08-15,2357140
1534377600000,2018-08-16,2923424
1534464000000,2018-08-17,3089786
1534723200000,2018-08-20,1266183
1534809600000,2018-08-21,1247028
1534896000000,2018-08-22,1458336
1534982400000,2018-08-23,944447
1535068800000,2018-08-24,1381550
1535328000000,2018-08-27,1237695
1535414400000,2018-08-28,2316955
1535500800000,2018-08-29,1521157
1535587200000,2018-08-30,1170928
1535673600000,2018-08-31,913852
1536019200000,2018-09-04,1553452
1536105600000,2018-09-05,2088598
1536192000000,2018-09-06,1789845
1536278400000,2018-09-07,1364126
1536537600000,2018-09-10,1351634
1536624000000,2018-09-11,1405850
1536710400000,2018-09-12,1028324
1536796800000,2018-09-13,1412433
1536883200000,2018-09-14,807270
1537142400000,2018-09-17,1300135
1537228800000,2018-09-18,766292
1537315200000,2018-09-19,1601519
1537401600000,2018-09-20,996993
1537488000000,2018-09-21,2401425
1537747200000,2018-09-24,1285126
1537833600000,2018-09-25,2699260
1537920000000,2018-09-26,2268350
1538006400000,2018-09-27,1916117
1538092800000,2018-09-28,1272352
1538352000000,2018-10-01,1366420
1538438400000,2018-10-02,1778452
1538524800000,2018-10-03,1369991
1538611200000,2018-10-04,1034615
1538697600000,2018-10-05,996218
1538956800000,2018-10-08,1449013
1539043200000,2018-10-09,852224
1539129600000,2018-10-10,1375187
1539216000000,2018-10-11,2474177
1539302400000,2018-10-12,1168809
1539561600000,2018-10-15,2345333
1539648000000,2018-10-16,814718
1539734400000,2018-10-17,525658
1539820800000,2018-10-18,785680
1539907200000,2018-10-19,711468
1540166400000,2018-10-22,834349
1540252800000,2018-10-23,1304185
1540339200000,2018-10-24,1135401
1540425600000,2018-10-25,823049
1540512000000,2018-10-26,1001247
1540771200000,2018-10-29,1939747
1540857600000,2018-10-30,1172077
1540944000000,2018-10-31,1249837
1541030400000,2018-11-01,851777
1541116800000,2018-11-02,1037016
1541376000000,2018-11-05,1275473
1541462400000,2018-11-06,1493846
1541548800000,2018-11-07,1355351
1541635200000,2018-11-08,980742
1541721600000,2018-11-09,1101229
1541980800000,2018-11-12,728426
1542067200000,2018-11-13,772639
1542153600000,2018-11-14,4348727
1542240000000,2018-11-15,3249044
1542326400000,2018-11-16,1456522
1542585600000,2018-11-19,4845086
1542672000000,2018-11-20,5068409
1542758400000,2018-11-21,2289276
1542931200000,2018-11-23,1095117
1543190400000,2018-11-26,4752875
1543276800000,2018-11-27,2020947
1543363200000,2018-11-28,5963921
1543449600000,2018-11-29,2295580
1543536000000,2018-11-30,1898563
1543795200000,2018-12-03,2141357
1543881600000,2018-12-04,1995653
1544054400000,2018-12-06,2291287
1544140800000,2018-12-07,5126608
1544400000000,2018-12-10,1572879
1544486400000,2018-12-11,922125
1544572800000,2018-12-12,1827915
1544659200000,2018-12-13,1413463
1544745600000,2018-12-14,1614945
1545004800000,2018-12-17,3792781
1545091200000,2018-12-18,2327995
1545177600000,2018-12-19,4361264
1545264000000,2018-12-20,3620726
1545350400000,2018-12-21,2709644
1545609600000,2018-12-24,2263711
1545782400000,2018-12-26,3018023
1545868800000,2018-12-27,4424869
1545955200000,2018-12-28,4033167
1546214400000,2018-12-31,3828967
1546387200000,2019-01-02,2948174
1546473600000,2019-01-03,1503033
1546560000000,2019-01-04,2020651
1546819200000,2019-01-07,2676567
1546905600000,2019-01-08,2653204
1546992000000,2019-01-09,2778001
1547078400000,2019-01-10,3799757
1547164800000,2019-01-11,1218518
1547424000000,2019-01-14,2581604
1547510400000,2019-01-15,1308309
1547596800000,2019-01-16,1291970
1547683200000,2019-01-17,975033
1547769600000,2019-01-18,1045878
1548115200000,2019-01-22,1526007
1548201600000,2019-01-23,1302340
1548288000000,2019-01-24,1097472
1548374400000,2019-01-25,802981
1548633600000,2019-01-28,2287493
1548720000000,2019-01-29,975179
1548806400000,2019-01-30,770749
1548892800000,2019-01-31,1108740
1548979200000,2019-02-01,889076
1549238400000,2019-02-04,871797
1549324800000,2019-02-05,1449804
1549411200000,2019-02-06,2646529
1549497600000,2019-02-07,1047698
1549584000000,2019-02-08,5480248
1549843200000,2019-02-11,1828667
1549929600000,2019-02-12,1678273
1550016000000,2019-02-13,1236994
1550102400000,2019-02-14,1280814
1550188800000,2019-02-15,1050904
1550534400000,2019-02-19,5387676
1550620800000,2019-02-20,2660021
1550707200000,2019-02-21,1932361
1550793600000,2019-02-22,2684789
1551052800000,2019-02-25,2891212
1551139200000,2019-02-26,2000312
1551225600000,2019-02-27,1537035
1551312000000,2019-02-28,1192620
1551398400000,2019-03-01,948485
1551657600000,2019-03-04,1698486
1551744000000,2019-03-05,1564902
1551830400000,2019-03-06,804654
1551916800000,2019-03-07,1945770
1552003200000,2019-03-08,1696623
1552262400000,2019-03-11,1479280
1552348800000,2019-03-12,740219
1552435200000,2019-03-13,1944879
1552521600000,2019-03-14,2032321
1552608000000,2019-03-15,1404853
1552867200000,2019-03-18,2037188
1552953600000,2019-03-19,2988998
1553040000000,2019-03-20,3458407
1553126400000,2019-03-21,1974385
1553212800000,2019-03-22,1210021
1553472000000,2019-03-25,2479709
1553558400000,2019-03-26,1411270
1553644800000,2019-03-27,2314945
1553731200000,2019-03-28,2104375
1553817600000,2019-03-29,2937412
1554076800000,2019-04-01,2733632
1554163200000,2019-04-02,6062036
1554249600000,2019-04-03,10002384
1554336000000,2019-04-04,5258418
1554422400000,2019-04-05,4754696
1554681600000,2019-04-08,7401626
1554768000000,2019-04-09,3215030
1554854400000,2019-04-10,6818954
1554940800000,2019-04-11,5589855
1555027200000,2019-04-12,3285027
1555286400000,2019-04-15,4127698
1555372800000,2019-04-16,4027700
1555459200000,2019-04-17,2257588
1555545600000,2019-04-18,2315407
1555891200000,2019-04-22,4231614
1555977600000,2019-04-23,5335155
1556064000000,2019-04-24,5180327
1556150400000,2019-04-25,3404028
1556236800000,2019-04-26,4666770
1556496000000,2019-04-29,2537342
1556582400000,2019-04-30,2461578
1556668800000,2019-05-01,2152133
1556755200000,2019-05-02,2728799
1556841600000,2019-05-03,6058170
1557100800000,2019-05-06,3350629
1557187200000,2019-05-07,5468593
1557273600000,2019-05-08,2924494
1557360000000,2019-05-09,4997935
1557446400000,2019-05-10,6937326
1557705600000,2019-05-13,14290923
1557792000000,2019-05-14,14497929
1557878400000,2019-05-15,8803876
1557964800000,2019-05-16,5588015
1558051200000,2019-05-17,7544646
1558310400000,2019-05-20,4876563
1558396800000,2019-05-21,3218243
1558483200000,2019-05-22,2509099
1558569600000,2019-05-23,3149799
1558656000000,2019-05-24,5955619
1559001600000,2019-05-28,6350100
1559088000000,2019-05-29,4915311
1559174400000,2019-05-30,8721398
1559260800000,2019-05-31,5095864
1559520000000,2019-06-03,5840229
1559606400000,2019-06-04,8929316
1559692800000,2019-06-05,4474476
1559779200000,2019-06-06,3853108
1559865600000,2019-06-07,6225617
1560124800000,2019-06-10,3064762
1560211200000,2019-06-11,2637090
1560297600000,2019-06-12,4504573
1560384000000,2019-06-13,2761519
1560470400000,2019-06-14,3646890
1560729600000,2019-06-17,7286212
1560816000000,2019-06-18,5309525
1560902400000,2019-06-19,3375282
1560988800000,2019-06-20,5750221
1561075200000,2019-06-21,8635401
1561334400000,2019-06-24,11608336
1561420800000,2019-06-25,10066514
1561507200000,2019-06-26,16993552
1561593600000,2019-06-27,20363154
1561680000000,2019-06-28,9134145
1561939200000,2019-07-01,12583913
1562025600000,2019-07-02,9980448
1562112000000,2019-07-03,6680682
1562284800000,2019-07-05,3711556
1562544000000,2019-07-08,5874458
1562630400000,2019-07-09,7491179
1562716800000,2019-07-10,11225300
1562803200000,2019-07-11,6257209
1562889600000,2019-07-12,3905566
1563148800000,2019-07-15,10239210
1563235200000,2019-07-16,13467015
1563321600000,2019-07-17,7248504
1563408000000,2019-07-18,7781268
1563494400000,2019-07-19,3326612
1563753600000,2019-07-22,4296650
1563840000000,2019-07-23,4654966
1563926400000,2019-07-24,5743286
1564012800000,2019-07-25,2795933
1564099200000,2019-07-26,2771969
1564358400000,2019-07-29,3132322
1564444800000,2019-07-30,3821742
1564531200000,2019-07-31,6274392
1564617600000,2019-08-01,3855499
1564704000000,2019-08-02,6327041
1564963200000,2019-08-05,10188793
1565049600000,2019-08-06,4507728
1565136000000,2019-08-07,4709857
1565222400000,2019-08-08,3023997
1565308800000,2019-08-09,2142664
1565568000000,2019-08-12,1990869
1565654400000,2019-08-13,5158724
1565740800000,2019-08-14,7490092
1565827200000,2019-08-15,3495377
1565913600000,2019-08-16,3253466
1566172800000,2019-08-19,4559696
1566259200000,2019-08-20,1519522
1566345600000,2019-08-21,3894004
1566432000000,2019-08-22,1667602
1566518400000,2019-08-23,2188934
1566777600000,2019-08-26,1734976
1566864000000,2019-08-27,1875819
1566950400000,2019-08-28,5716826
1567036800000,2019-08-29,3569472
1567123200000,2019-08-30,1357644
1567468800000,2019-09-03,4592787
1567555200000,2019-09-04,2540591
1567641600000,2019-09-05,1481421
1567728000000,2019-09-06,2865342
1567987200000,2019-09-09,2360654
1568073600000,2019-09-10,2133843
1568160000000,2019-09-11,1684828
1568246400000,2019-09-12,2103514
1568332800000,2019-09-13,1485608
1568592000000,2019-09-16,1375724
1568678400000,2019-09-17,2253942
1568764800000,2019-09-18,1225119
1568851200000,2019-09-19,1794184
1568937600000,2019-09-20,1496529
1569196800000,2019-09-23,2475343
1569283200000,2019-09-24,9384958
1569369600000,2019-09-25,5203161
1569456000000,2019-09-26,6770203
1569542400000,2019-09-27,3585886
1569801600000,2019-09-30,4890781
1569888000000,2019-10-01,3860126
1569974400000,2019-10-02,2009621
1570060800000,2019-10-03,1960100
1570147200000,2019-10-04,1313164
1570406400000,2019-10-07,2245725
1570492800000,2019-10-08,1362235
1570579200000,2019-10-09,3818853
1570665600000,2019-10-10,1512948
1570752000000,2019-10-11,2132279
1571011200000,2019-10-14,1199909
1571097600000,2019-10-15,2668371
1571184000000,2019-10-16,4329526
1571270400000,2019-10-17,2073276
1571356800000,2019-10-18,2000363
1571616000000,2019-10-21,1850517
1571702400000,2019-10-22,977596
1571788800000,2019-10-23,3165714
1571875200000,2019-10-24,1736894
1571961600000,2019-10-25,8299362
1572220800000,2019-10-28,4960818
1572307200000,2019-10-29,2765303
1572393600000,2019-10-30,2150069
1572480000000,2019-10-31,1917557
1572566400000,2019-11-01,1518702
1572825600000,2019-11-04,3561898
1572912000000,2019-11-05,2168698
1572998400000,2019-11-06,1690500
1573084800000,2019-11-07,2028245
1573171200000,2019-11-08,3046579
1573430400000,2019-11-11,1426679
1573516800000,2019-11-12,1451855
1573603200000,2019-11-13,1101257
1573689600000,2019-11-14,1227783
1573776000000,2019-11-15,1611368
1574035200000,2019-11-18,2947645
1574121600000,2019-11-19,2954328
1574208000000,2019-11-20,2041238
1574294400000,2019-11-21,4490232
1574380800000,2019-11-22,4922599
1574640000000,2019-11-25,3050009
1574726400000,2019-11-26,1446056
1574812800000,2019-11-27,3452184
1574985600000,2019-11-29,2272626
1575244800000,2019-12-02,2401917
1575331200000,2019-12-03,1332603
1575417600000,2019-12-04,2318838
1575504000000,2019-12-05,1592241
1575590400000,2019-12-06,1485535
1575849600000,2019-12-09,1595000
1575936000000,2019-12-10,1559399
1576022400000,2019-12-11,860532
1576108800000,2019-12-12,941517
1576195200000,2019-12-13,1360951
1576454400000,2019-12-16,2971600
1576540800000,2019-12-17,3276721
1576627200000,2019-12-18,3475068
1576713600000,2019-12-19,1914767
1576800000000,2019-12-20,2184700
1577059200000,2019-12-23,3647182
1577145600000,2019-12-24,1851893
1577318400000,2019-12-26,2744385
1577404800000,2019-12-27,2608521
1577664000000,2019-12-30,2553392
1577750400000,2019-12-31,3093799
1577923200000,2020-01-02,3377558
1578009600000,2020-01-03,3858799
1578268800000,2020-01-06,3450542
1578355200000,2020-01-07,7787364
1578441600000,2020-01-08,7626652
1578528000000,2020-01-09,3057689
1578614400000,2020-01-10,4485516
1578873600000,2020-01-13,2680591
1578960000000,2020-01-14,6932986
1579046400000,2020-01-15,3709078
1579132800000,2020-01-16,3078367
1579219200000,2020-01-17,3911640
1579564800000,2020-01-21,3997369
1579651200000,2020-01-22,2299248
1579737600000,2020-01-23,4281016
1579824000000,2020-01-24,2374798
1580083200000,2020-01-27,3124689
1580169600000,2020-01-28,3634483
1580256000000,2020-01-29,6848129
1580342400000,2020-01-30,7483146
1580428800000,2020-01-31,4674516
1580688000000,2020-02-03,3272509
1580774400000,2020-02-04,3227749
1580860800000,2020-02-05,6963768
1580947200000,2020-02-06,5313688
1581033600000,2020-02-07,3450261
1581292800000,2020-02-10,4763755
1581379200000,2020-02-11,7269021
1581465600000,2020-02-12,6291163
1581552000000,2020-02-13,5597548
1581638400000,2020-02-14,4327120
1581984000000,2020-02-18,6380284
1582070400000,2020-02-19,4840875
1582156800000,2020-02-20,5849251
1582243200000,2020-02-21,3671100
1582502400000,2020-02-24,7666972
1582588800000,2020-02-25,7397543
1582675200000,2020-02-26,8500303
1582761600000,2020-02-27,6697607
1582848000000,2020-02-28,4698525
1583107200000,2020-03-02,4341241
1583193600000,2020-03-03,4127408
1583280000000,2020-03-04,2981066
1583366400000,2020-03-05,6350441
1583452800000,2020-03-06,4238410
1583712000000,2020-03-09,9051912
1583798400000,2020-03-10,4923890
1583884800000,2020-03-11,5530764
1583971200000,2020-03-12,11750462
1584057600000,2020-03-13,10933569
1584316800000,2020-03-16,7240460
1584403200000,2020-03-17,5408652
1584489600000,2020-03-18,5589735
1584576000000,2020-03-19,8487054
1584662400000,2020-03-20,6952056
1584921600000,2020-03-23,4204967
1585008000000,2020-03-24,4561482
1585094400000,2020-03-25,4165800
1585180800000,2020-03-26,4711538
1585267200000,2020-03-27,3841166
1585526400000,2020-03-30,3654427
1585612800000,2020-03-31,2675503
1585699200000,2020-04-01,4274846
1585785600000,2020-04-02,7980626
1585872000000,2020-04-03,3059773
1586131200000,2020-04-06,4910448
1586217600000,2020-04-07,3469881
1586304000000,2020-04-08,2370540
1586390400000,2020-04-09,3274411
1586736000000,2020-04-13,4296846
1586822400000,2020-04-14,2931262
1586908800000,2020-04-15,2683162
1586995200000,2020-04-16,3216798
1587081600000,2020-04-17,2823524
1587340800000,2020-04-20,3809637
1587427200000,2020-04-21,3266412
1587513600000,2020-04-22,3524079
1587600000000,2020-04-23,7440468
1587686400000,2020-04-24,4186064
1587945600000,2020-04-27,3791927
1588032000000,2020-04-28,4546122
1588118400000,2020-04-29,9906960
1588204800000,2020-04-30,8234582
1588291200000,2020-05-01,4831764
1588550400000,2020-05-04,4594663
1588636800000,2020-05-05,4301836
1588723200000,2020-05-06,5799211
1588809600000,2020-05-07,13682029
1588896000000,2020-05-08,12475397
1589155200000,2020-05-11,13307486
1589241600000,2020-05-12,8984032
1589328000000,2020-05-13,7497585
1589414400000,2020-05-14,6486585
1589500800000,2020-05-15,5911467
1589760000000,2020-05-18,4671794
1589846400000,2020-05-19,2748779
1589932800000,2020-05-20,4881117
1590019200000,2020-05-21,7531217
1590105600000,2020-05-22,3227675
1590451200000,2020-05-26,4648980
1590537600000,2020-05-27,3326936
1590624000000,2020-05-28,3222768
1590710400000,2020-05-29,2068124
1590969600000,2020-06-01,3167697
1591056000000,2020-06-02,11056617
1591142400000,2020-06-03,3336371
1591228800000,2020-06-04,3912991
1591315200000,2020-06-05,3857979
1591574400000,2020-06-08,3926042
1591660800000,2020-06-09,2742241
1591747200000,2020-06-10,9237034
1591833600000,2020-06-11,11061121
1591920000000,2020-06-12,4188688
1592179200000,2020-06-15,3916107
1592265600000,2020-06-16,2590006
1592352000000,2020-06-17,2074100
1592438400000,2020-06-18,2423295
1592524800000,2020-06-19,2939183
1592784000000,2020-06-22,5250881
1592870400000,2020-06-23,4290037
1592956800000,2020-06-24,5671876
1593043200000,2020-06-25,3515849
1593129600000,2020-06-26,7008324
1593388800000,2020-06-29,4671164
1593475200000,2020-06-30,3562600
1593561600000,2020-07-01,3486000
1593648000000,2020-07-02,4585900
1593993600000,2020-07-06,3287200
1594080000000,2020-07-07,2538400
1594166400000,2020-07-08,3999800
1594252800000,2020-07-09,3086500
1594339200000,2020-07-10,1916000
1594598400000,2020-07-13,2991900
1594684800000,2020-07-14,1716900
1594771200000,2020-07-15,1985900
1594857600000,2020-07-16,2400700
1594944000000,2020-07-17,2592600
1595203200000,2020-07-20,2752386
1595289600000,2020-07-21,4893525
1595376000000,2020-07-22,4236475
1595462400000,2020-07-23,7679039
1595548800000,2020-07-24,4388271
1595808000000,2020-07-27,20524175
1595894400000,2020-07-28,19221552
1595980800000,2020-07-29,11708059
1596067200000,2020-07-30,8190939
1596153600000,2020-07-31,8779614
1596412800000,2020-08-03,10284782
1596499200000,2020-08-04,6746883
1596585600000,2020-08-05,8267522
1596672000000,2020-08-06,8523493
1596758400000,2020-08-07,11708118
1597017600000,2020-08-10,8034499
1597104000000,2020-08-11,7959356
1597190400000,2020-08-12,4309637
1597276800000,2020-08-13,3470837
1597363200000,2020-08-14,5142909
1597622400000,2020-08-17,11442200
1597708800000,2020-08-18,8220238
1597795200000,2020-08-19,6486620
1597881600000,2020-08-20,4876661
1597968000000,2020-08-21,5082157
1598227200000,2020-08-24,3126239
1598313600000,2020-08-25,8035997
1598400000000,2020-08-26,4200571
1598486400000,2020-08-27,4478396
1598572800000,2020-08-28,2883106
1598832000000,2020-08-31,3808148
1598918400000,2020-09-01,5302413
1599004800000,2020-09-02,5984779
1599091200000,2020-09-03,11264972
1599177600000,2020-09-04,9126899
1599523200000,2020-09-08,6846445
1599609600000,2020-09-09,2916278
1599696000000,2020-09-10,4737742
1599782400000,2020-09-11,2583569
1600041600000,2020-09-14,3742562
1600128000000,2020-09-15,3355781
1600214400000,2020-09-16,4595912
1600300800000,2020-09-17,2884550
1600387200000,2020-09-18,2565663
1600646400000,2020-09-21,5809932
1600732800000,2020-09-22,2399767
1600819200000,2020-09-23,6177347
1600905600000,2020-09-24,5799395
1600992000000,2020-09-25,4083671
1601251200000,2020-09-28,3950642
1601337600000,2020-09-29,3976894
1601424000000,2020-09-30,3837239
1601510400000,2020-10-01,5354126
1601596800000,2020-10-02,4364653
1601856000000,2020-10-05,2245653
1601942400000,2020-10-06,3713068
1602028800000,2020-10-07,2491438
1602115200000,2020-10-08,6807973
1602201600000,2020-10-09,6580993
1602460800000,2020-10-12,9525054
1602547200000,2020-10-13,4435042
1602633600000,2020-10-14,4796129
1602720000000,2020-10-15,3897150
1602806400000,2020-10-16,3541692
1603065600000,2020-10-19,6480270
1603152000000,2020-10-20,7321271
1603238400000,2020-10-21,16042500
1603324800000,2020-10-22,10844396
1603411200000,2020-10-23,6830869
1603670400000,2020-10-26,9812033
1603756800000,2020-10-27,14293129
1603843200000,2020-10-28,11477983
1603929600000,2020-10-29,7717469
1604016000000,2020-10-30,6947570
1604275200000,2020-11-02,6149175
1604361600000,2020-11-03,6488097
1604448000000,2020-11-04,7990679
1604534400000,2020-11-05,14945947
1604620800000,2020-11-06,10274746
1604880000000,2020-11-09,15012350
1604966400000,2020-11-10,6328418
1605052800000,2020-11-11,9917475
1605139200000,2020-11-12,9924043
1605225600000,2020-11-13,8926417
1605484800000,2020-11-16,11713305
1605571200000,2020-11-17,16475440
1605657600000,2020-11-18,19981666
1605744000000,2020-11-19,10530699
1605830400000,2020-11-20,14489579
1606089600000,2020-11-23,15280501
1606176000000,2020-11-24,17478543
1606262400000,2020-11-25,17520269
1606435200000,2020-11-27,21926782
1606694400000,2020-11-30,20669968
1606780800000,2020-12-01,16040781
1606867200000,2020-12-02,8531939
1606953600000,2020-12-03,9490232
1607040000000,2020-12-04,10496056
1607299200000,2020-12-07,10693999
1607385600000,2020-12-08,13771340
1607472000000,2020-12-09,13716990
1607558400000,2020-12-10,12444152
1607644800000,2020-12-11,8764752
1607904000000,2020-12-14,9285710
1607990400000,2020-12-15,8883945
1608076800000,2020-12-16,18565649
1608163200000,2020-12-17,28695132
1608249600000,2020-12-18,11082824
1608508800000,2020-12-21,18936725
1608595200000,2020-12-22,12181330
1608681600000,2020-12-23,11054652
1608768000000,2020-12-24,12591233
1609113600000,2020-12-28,19499421
1609200000000,2020-12-29,16651759
1609286400000,2020-12-30,18116492
1609372800000,2020-12-31,14220908
1609718400000,2021-01-04,22817754
1609804800000,2021-01-05,19229033
1609891200000,2021-01-06,40502899
1609977600000,2021-01-07,32619323
1610064000000,2021-01-08,23114265
1610323200000,2021-01-11,39773925
1610409600000,2021-01-12,16072222
1610496000000,2021-01-13,16079442
1610582400000,2021-01-14,13053648
1610668800000,2021-01-15,17498108
1611014400000,2021-01-19,14866771
1611100800000,2021-01-20,19216990
1611187200000,2021-01-21,28626225
1611273600000,2021-01-22,17117788
1611532800000,2021-01-25,12345686
1611619200000,2021-01-26,9805197
1611705600000,2021-01-27,17234804
1611792000000,2021-01-28,11579944
1611878400000,2021-01-29,19315891
1612137600000,2021-02-01,9026754
1612224000000,2021-02-02,9903038
1612310400000,2021-02-03,10209260
1612396800000,2021-02-04,9593765
1612483200000,2021-02-05,7808626
1612742400000,2021-02-08,24164321
1612828800000,2021-02-09,13947089
1612915200000,2021-02-10,14184535
1613001600000,2021-02-11,11818540
1613088000000,2021-02-12,9790041
1613433600000,2021-02-16,13481649
1613520000000,2021-02-17,14213812
1613606400000,2021-02-18,14268497
1613692800000,2021-02-19,17989277
1613952000000,2021-02-22,19086013
1614038400000,2021-02-23,28876867
1614124800000,2021-02-24,12797125
1614211200000,2021-02-25,12799959
1614297600000,2021-02-26,21944763
1614556800000,2021-03-01,12908050
1614643200000,2021-03-02,7070736
1614729600000,2021-03-03,10287323
1614816000000,2021-03-04,16875054
1614902400000,2021-03-05,22820282
1615161600000,2021-03-08,11466432
1615248000000,2021-03-09,10269148
1615334400000,2021-03-10,12048589
1615420800000,2021-03-11,8881375
1615507200000,2021-03-12,9038130
1615766400000,2021-03-15,9907200
1615852800000,2021-03-16,6088129
1615939200000,2021-03-17,9194941
1616025600000,2021-03-18,10315191
1616112000000,2021-03-19,6469578
1616371200000,2021-03-22,6884599
1616457600000,2021-03-23,11498086
1616544000000,2021-03-24,14409225
1616630400000,2021-03-25,16413593
1616716800000,2021-03-26,8776549
1616976000000,2021-03-29,6538985
1617062400000,2021-03-30,6686315
1617148800000,2021-03-31,6518257
1617235200000,2021-04-01,6541792
1617580800000,2021-04-05,9881310
1617667200000,2021-04-06,7089567
1617753600000,2021-04-07,8610469
1617840000000,2021-04-08,4501575
1617926400000,2021-04-09,4501079
1618185600000,2021-04-12,8230018
1618272000000,2021-04-13,11611500
1618358400000,2021-04-14,15617198
1618444800000,2021-04-15,6926654
1618531200000,2021-04-16,6419874
1618790400000,2021-04-19,12926467
1618876800000,2021-04-20,7715463
1618963200000,2021-04-21,7475904
1619049600000,2021-04-22,15926857
1619136000000,2021-04-23,13704538
1619395200000,2021-04-26,7994420
1619481600000,2021-04-27,5166617
1619568000000,2021-04-28,4292117
1619654400000,2021-04-29,8603131
1619740800000,2021-04-30,7521952
1620000000000,2021-05-03,7645759
1620086400000,2021-05-04,8110586
1620172800000,2021-05-05,8933165
1620259200000,2021-05-06,6641329
1620345600000,2021-05-07,7319905
1620604800000,2021-05-10,8692342
1620691200000,2021-05-11,6976137
1620777600000,2021-05-12,6991755
1620864000000,2021-05-13,21863713
1620950400000,2021-05-14,8948582
1621209600000,2021-05-17,17928715
1621296000000,2021-05-18,10580147
1621382400000,2021-05-19,30405113
1621468800000,2021-05-20,12656602
1621555200000,2021-05-21,12659514
1621814400000,2021-05-24,12215382
1621900800000,2021-05-25,8603857
1621987200000,2021-05-26,6660825
1622073600000,2021-05-27,5796491
1622160000000,2021-05-28,9922061
1622505600000,2021-06-01,8572953
1622592000000,2021-06-02,6221208
1622678400000,2021-06-03,6900421
1622764800000,2021-06-04,6934881
1623024000000,2021-06-07,8100536
1623110400000,2021-06-08,17671184
1623196800000,2021-06-09,12190038
1623283200000,2021-06-10,7963882
1623369600000,2021-06-11,4662449
1623628800000,2021-06-14,9768310
1623715200000,2021-06-15,7373629
1623801600000,2021-06-16,7650702
1623888000000,2021-06-17,7653610
1623974400000,2021-06-18,7784832
1624233600000,2021-06-21,12111370
1624320000000,2021-06-22,23329259
1624406400000,2021-06-23,8760881
1624492800000,2021-06-24,8025687
1624579200000,2021-06-25,9151534
1624838400000,2021-06-28,8513985
1624924800000,2021-06-29,7677534
1625011200000,2021-06-30,6652490
1625097600000,2021-07-01,6850339
1625184000000,2021-07-02,6347116
1625529600000,2021-07-06,6353218
1625616000000,2021-07-07,6243135
1625702400000,2021-07-08,7177773
1625788800000,2021-07-09,3680677
1626048000000,2021-07-12,4153409
1626134400000,2021-07-13,5001283
1626220800000,2021-07-14,5717452
1626307200000,2021-07-15,8356042
1626393600000,2021-07-16,4391365
1626652800000,2021-07-19,6995966
1626739200000,2021-07-20,7708193
1626825600000,2021-07-21,7856724
1626912000000,2021-07-22,6419993
1626998400000,2021-07-23,4929620
1627257600000,2021-07-26,16681817
1627344000000,2021-07-27,9757904
1627430400000,2021-07-28,10203316
1627516800000,2021-07-29,6873968
1627603200000,2021-07-30,6873968
1627862400000,2021-08-02,5495529
1627948800000,2021-08-03,5923613
1628035200000,2021-08-04,5516014
1628121600000,2021-08-05,6013261
1628208000000,2021-08-06,7089656
1628467200000,2021-08-09,8201068
1628553600000,2021-08-10,6035073
1628640000000,2021-08-11,5567988
1628726400000,2021-08-12,4671238
1628812800000,2021-08-13,4187310
1629072000000,2021-08-16,4187310
1629158400000,2021-08-17,4994321
1629244800000,2021-08-18,4888649
1629331200000,2021-08-19,6477858
1629417600000,2021-08-20,7337685
1629676800000,2021-08-23,6347767
1629763200000,2021-08-24,5292419
1629849600000,2021-08-25,4657091
1629936000000,2021-08-26,4233185
1630022400000,2021-08-27,4604576
1630281600000,2021-08-30,3079201
1630368000000,2021-08-31,3717058
1630454400000,2021-09-01,5947376
1630540800000,2021-09-02,6551281
1630627200000,2021-09-03,5406321
1630972800000,2021-09-07,12766094
1631059200000,2021-09-08,4659330
1631145600000,2021-09-09,3544792
1631232000000,2021-09-10,4898769
1631491200000,2021-09-13,5569526
1631577600000,2021-09-14,3859728
1631664000000,2021-09-15,4443162
1631750400000,2021-09-16,3353170
1631836800000,2021-09-17,2509556
1632096000000,2021-09-20,8659362
1632182400000,2021-09-21,5509559
1632268800000,2021-09-22,5534405
1632355200000,2021-09-23,3663621
1632441600000,2021-09-24,6720312
1632700800000,2021-09-27,3662098
1632787200000,2021-09-28,4878085
1632873600000,2021-09-29,3414409
1632960000000,2021-09-30,5149021
1633046400000,2021-10-01,8586921
1633305600000,2021-10-04,8723254
1633392000000,2021-10-05,7114294
1633478400000,2021-10-06,9767567
1633564800000,2021-10-07,6740861
1633651200000,2021-10-08,4901141
1633910400000,2021-10-11,7734371
1633996800000,2021-10-12,7658618
1634083200000,2021-10-13,7358364
1634169600000,2021-10-14,7368296
1634256000000,2021-10-15,11637516
1634515200000,2021-10-18,10137967
1634601600000,2021-10-19,15346352
1634688000000,2021-10-20,13664907
1634774400000,2021-10-21,11433667
1634860800000,2021-10-22,9146561
1635120000000,2021-10-25,7487544
1635206400000,2021-10-26,5925422
1635292800000,2021-10-27,8352160
1635379200000,2021-10-28,5163596
1635465600000,2021-10-29,4692051
1635724800000,2021-11-01,4110040
1635811200000,2021-11-02,7159560
1635897600000,2021-11-03,7164219
1635984000000,2021-11-04,4061514
1636070400000,2021-11-05,3083160
1636329600000,2021-11-08,7786084
1636416000000,2021-11-09,6752003
1636502400000,2021-11-10,6752003
1636588800000,2021-11-11,6226059
1636675200000,2021-11-12,6303770
1636934400000,2021-11-15,3811569
1637020800000,2021-11-16,8735694
1637107200000,2021-11-17,4746090
1637193600000,2021-11-18,7984700
1637280000000,2021-11-19,5051990
1637539200000,2021-11-22,4457187
1637625600000,2021-11-23,3649227
1637712000000,2021-11-24,3057313
1637884800000,2021-11-26,4545928
1638144000000,2021-11-29,4644605
1638230400000,2021-11-30,5441408
1638316800000,2021-12-01,5090752
1638403200000,2021-12-02,4710390
1638489600000,2021-12-03,9818949
1638748800000,2021-12-06,10129856
1638835200000,2021-12-07,7786222
1638921600000,2021-12-08,4088135
1639008000000,2021-12-09,6159358
1639094400000,2021-12-10,5132237
1639353600000,2021-12-13,7451114
1639440000000,2021-12-14,4451260
1639526400000,2021-12-15,7298450
1639612800000,2021-12-16,4222158
1639699200000,2021-12-17,5699128
1639958400000,2021-12-20,5573734
1640044800000,2021-12-21,4921730
1640131200000,2021-12-22,3705850
1640217600000,2021-12-23,5511021
1640563200000,2021-12-27,4853242
1640649600000,2021-12-28,5865275
1640736000000,2021-12-29,4150448
1640822400000,2021-12-30,3948672
1640908800000,2021-12-31,4769568
1641168000000,2022-01-03,4769568
1641254400000,2022-01-04,3454428
1641340800000,2022-01-05,5295024
1641427200000,2022-01-06,6378942
1641513600000,2022-01-07,8493969
1641772800000,2022-01-10,8237105
1641859200000,2022-01-11,7310628
1641945600000,2022-01-12,7312726
1642032000000,2022-01-13,6716647
1642118400000,2022-01-14,4533037
1642464000000,2022-01-18,7143081
1642550400000,2022-01-19,5702492
1642636800000,2022-01-20,6623677
1642723200000,2022-01-21,15641373
1642982400000,2022-01-24,16244678
1643068800000,2022-01-25,8392537
1643155200000,2022-01-26,7580128
1643241600000,2022-01-27,5814702
1643328000000,2022-01-28,5549835
1643587200000,2022-01-31,4465447
1643673600000,2022-02-01,4524791
1643760000000,2022-02-02,4057391
1643846400000,2022-02-03,4811958
1643932800000,2022-02-04,6348978
1644192000000,2022-02-07,8606425
1644278400000,2022-02-08,6905392
1644364800000,2022-02-09,6358173
1644451200000,2022-02-10,8048152
1644537600000,2022-02-11,6474540
1644796800000,2022-02-14,4587304
1644883200000,2022-02-15,3545597
1644969600000,2022-02-16,3789640
1645056000000,2022-02-17,7359907
1645142400000,2022-02-18,7639356
1645488000000,2022-02-22,7816488
1645574400000,2022-02-23,7816488
1645660800000,2022-02-24,10243379
1645747200000,2022-02-25,4890142
1646006400000,2022-02-28,7090485
1646092800000,2022-03-01,7559536
1646179200000,2022-03-02,4982426
1646265600000,2022-03-03,4380077
1646352000000,2022-03-04,6319904
1646611200000,2022-03-07,6599869
1646697600000,2022-03-08,5597692
1646784000000,2022-03-09,5106468
1646870400000,2022-03-10,4563336
1646956800000,2022-03-11,4697885
1647216000000,2022-03-14,2646604
1647302400000,2022-03-15,2443552
1647388800000,2022-03-16,3676874
1647475200000,2022-03-17,3223357
1647561600000,2022-03-18,3433417
1647820800000,2022-03-21,2923185
1647907200000,2022-03-22,3865329
1647993600000,2022-03-23,3865329
1648080000000,2022-03-24,5397204
1648166400000,2022-03-25,4851259
1648425600000,2022-03-28,5912152
1648512000000,2022-03-29,3836476
1648598400000,2022-03-30,3701280
1648684800000,2022-03-31,3344340
1648771200000,2022-04-01,5140602
1649030400000,2022-04-04,3972522
1649116800000,2022-04-05,4528551
1649203200000,2022-04-06,6273748
1649289600000,2022-04-07,3769516
1649376000000,2022-04-08,4304550
1649635200000,2022-04-11,4707856
1649721600000,2022-04-12,3301748
1649808000000,2022-04-13,3446514
1649894400000,2022-04-14,3064474
1650240000000,2022-04-18,3587154
1650326400000,2022-04-19,2927925
1650412800000,2022-04-20,2293559
1650499200000,2022-04-21,2293559
1650585600000,2022-04-22,3365510
1650844800000,2022-04-25,3468564
1650931200000,2022-04-26,3537163
1651017600000,2022-04-27,3538365
1651104000000,2022-04-28,2307484
1651190400000,2022-04-29,2712814
1651449600000,2022-05-02,5133243
1651536000000,2022-05-03,2991465
1651622400000,2022-05-04,3229572
1651708800000,2022-05-05,4696329
1651795200000,2022-05-06,3795283
1652054400000,2022-05-09,12948940
1652140800000,2022-05-10,5847394
1652227200000,2022-05-11,10259241
1652313600000,2022-05-12,10183409
1652400000000,2022-05-13,7477363
1652659200000,2022-05-16,4409021
1652745600000,2022-05-17,4126968
1652832000000,2022-05-18,4761463
1652918400000,2022-05-19,5247939
1653004800000,2022-05-20,3933725
1653264000000,2022-05-23,3799983
1653350400000,2022-05-24,5374906
1653436800000,2022-05-25,2746141
1653523200000,2022-05-26,3659885
1653609600000,2022-05-27,3971472
1653955200000,2022-05-31,4825033
1654041600000,2022-06-01,3761986
1654128000000,2022-06-02,3506600
1654214400000,2022-06-03,2464494
1654473600000,2022-06-06,3755807
1654560000000,2022-06-07,3287696
1654646400000,2022-06-08,4892782
1654732800000,2022-06-09,2361329
1654819200000,2022-06-10,4147080
1655078400000,2022-06-13,12296258
1655164800000,2022-06-14,9031837
1655251200000,2022-06-15,12178288
1655337600000,2022-06-16,8502118
1655424000000,2022-06-17,11287077
1655769600000,2022-06-21,9866632
1655856000000,2022-06-22,31541066
1655942400000,2022-06-23,5796781
1656028800000,2022-06-24,7367877
1656288000000,2022-06-27,5403045
1656374400000,2022-06-28,5526357
1656460800000,2022-06-29,4122784
1656547200000,2022-06-30,8188866
1656633600000,2022-07-01,5610404
1656979200000,2022-07-05,4583331
1657065600000,2022-07-06,4012921
1657152000000,2022-07-07,3506867
1657238400000,2022-07-08,3776175
1657497600000,2022-07-11,2516858
1657584000000,2022-07-12,3214948
1657670400000,2022-07-13,4024378
1657756800000,2022-07-14,3357062
1657843200000,2022-07-15,4207682
1658102400000,2022-07-18,4998906
1658188800000,2022-07-19,6146093
1658275200000,2022-07-20,6516274
1658361600000,2022-07-21,3620457
1658448000000,2022-07-22,3487245
1658707200000,2022-07-25,3744630
1658793600000,2022-07-26,3766872
1658880000000,2022-07-27,3657470
1658966400000,2022-07-28,5422834
1659052800000,2022-07-29,3871043
1659312000000,2022-08-01,2501635
1659398400000,2022-08-02,2909377
1659484800000,2022-08-03,4461694
1659571200000,2022-08-04,2281505
1659657600000,2022-08-05,2820828
1659916800000,2022-08-08,3930180
1660003200000,2022-08-09,3218809
1660089600000,2022-08-10,3890218
1660176000000,2022-08-11,4200379
1660262400000,2022-08-12,3123629
1660521600000,2022-08-15,2419090
1660608000000,2022-08-16,1929299
1660694400000,2022-08-17,3095329
1660780800000,2022-08-18,2138456
1660867200000,2022-08-19,3963766
1661126400000,2022-08-22,2422492
1661212800000,2022-08-23,1986692
1661299200000,2022-08-24,1582637
1661385600000,2022-08-25,1283314
1661472000000,2022-08-26,2846416
1661731200000,2022-08-29,2666560
1661817600000,2022-08-30,2666560
1661904000000,2022-08-31,2365238
1661990400000,2022-09-01,2828035
1662076800000,2022-09-02,2457587
1662422400000,2022-09-06,4956951
1662508800000,2022-09-07,4956951
1662595200000,2022-09-08,2226603
1662681600000,2022-09-09,4067158
1662940800000,2022-09-12,3610967
1663027200000,2022-09-13,3090701
1663113600000,2022-09-14,2672105
1663200000000,2022-09-15,2135259
1663286400000,2022-09-16,2803336
1663545600000,2022-09-19,4125627
1663632000000,2022-09-20,1742279
1663718400000,2022-09-21,2534178
1663804800000,2022-09-22,2750790
1663891200000,2022-09-23,4061967
1664150400000,2022-09-26,2202741
1664236800000,2022-09-27,2941485
1664323200000,2022-09-28,2986310
1664409600000,2022-09-29,2556272
1664496000000,2022-09-30,2750202
1664755200000,2022-10-03,3100256
1664841600000,2022-10-04,3677231
1664928000000,2022-10-05,3287491
1665014400000,2022-10-06,2006882
1665100800000,2022-10-07,2751873
1665360000000,2022-10-10,2369199
1665446400000,2022-10-11,1944706
1665532800000,2022-10-12,1483169
1665619200000,2022-10-13,3967189
1665705600000,2022-10-14,2092439
1665964800000,2022-10-17,2120564
1666051200000,2022-10-18,2767615
1666137600000,2022-10-19,1372030
1666224000000,2022-10-20,2323913
1666310400000,2022-10-21,3351356
1666569600000,2022-10-24,2285515
1666656000000,2022-10-25,4320066
1666742400000,2022-10-26,6953844
1666828800000,2022-10-27,2644783
1666915200000,2022-10-28,3714942
1667174400000,2022-10-31,3079588
1667260800000,2022-11-01,2458518
1667347200000,2022-11-02,2871993
1667433600000,2022-11-03,2519630
1667520000000,2022-11-04,4956985
1667779200000,2022-11-07,3329654
1667865600000,2022-11-08,13081389
1667952000000,2022-11-09,17366392
1668038400000,2022-11-10,10626560
1668124800000,2022-11-11,14607877
1668384000000,2022-11-14,9897746
1668470400000,2022-11-15,6307409
1668556800000,2022-11-16,11664735
1668643200000,2022-11-17,6986876
1668729600000,2022-11-18,12766237
1668988800000,2022-11-21,16232547
1669075200000,2022-11-22,13114107
1669161600000,2022-11-23,5144462
1669334400000,2022-11-25,1934728
1669593600000,2022-11-28,4074523
1669680000000,2022-11-29,3351348
1669766400000,2022-11-30,3699613
1669852800000,2022-12-01,3896576
1669939200000,2022-12-02,2340362
1670198400000,2022-12-05,2676553
1670284800000,2022-12-06,2382830
1670371200000,2022-12-07,6884849
1670457600000,2022-12-08,4662359
1670544000000,2022-12-09,8596664
1670803200000,2022-12-12,3656510
1670889600000,2022-12-13,4659802
1670976000000,2022-12-14,4894555
1671062400000,2022-12-15,2934431
1671148800000,2022-12-16,3795931
1671408000000,2022-12-19,3558443
1671494400000,2022-12-20,3390337
1671580800000,2022-12-21,2535071
1671667200000,2022-12-22,3381448
1671753600000,2022-12-23,2210999
1672099200000,2022-12-27,4450152
1672185600000,2022-12-28,3886105
1672272000000,2022-12-29,4421064
1672358400000,2022-12-30,4907378
1672704000000,2023-01-03,2821053
1672790400000,2023-01-04,2291419
1672876800000,2023-01-05,2434526
1672963200000,2023-01-06,2183844
1673222400000,2023-01-09,5852866
1673308800000,2023-01-10,2622331
1673395200000,2023-01-11,2589526
1673481600000,2023-01-12,7541320
1673568000000,2023-01-13,5757151
1673913600000,2023-01-17,7181698
1674000000000,2023-01-18,5929144
1674086400000,2023-01-19,4372332
1674172800000,2023-01-20,4215413
1674432000000,2023-01-23,5911342
1674518400000,2023-01-24,2981307
1674604800000,2023-01-25,2922926
1674691200000,2023-01-26,2560465
1674777600000,2023-01-27,2308543
1675036800000,2023-01-30,4668241
1675123200000,2023-01-31,2241713
1675209600000,2023-02-01,2639985
1675296000000,2023-02-02,5826824
1675382400000,2023-02-03,2736044
1675641600000,2023-02-06,1695575
1675728000000,2023-02-07,2677634
1675814400000,2023-02-08,2027132
1675900800000,2023-02-09,4788889
1675987200000,2023-02-10,3290818
1676246400000,2023-02-13,2459566
1676332800000,2023-02-14,2373249
1676419200000,2023-02-15,3389808
1676505600000,2023-02-16,4115025
1676592000000,2023-02-17,3460812
1676937600000,2023-02-21,2407102
1677024000000,2023-02-22,3081758
1677110400000,2023-02-23,1554929
1677196800000,2023-02-24,1868158
1677456000000,2023-02-27,1214837
1677542400000,2023-02-28,1095313
1677628800000,2023-03-01,1382274
1677715200000,2023-03-02,1268562
1677801600000,2023-03-03,2957368
1678060800000,2023-03-06,2830801
1678147200000,2023-03-07,8000036
1678233600000,2023-03-08,4688018
1678320000000,2023-03-09,4156702
1678406400000,2023-03-10,2931704
1678665600000,2023-03-13,6768695
1678752000000,2023-03-14,5385104
1678838400000,2023-03-15,3124654
1678924800000,2023-03-16,3289691
1679011200000,2023-03-17,7795870
1679270400000,2023-03-20,6222882
1679356800000,2023-03-21,3754795
1679443200000,2023-03-22,5959085
1679529600000,2023-03-23,3915375
1679616000000,2023-03-24,2031347
1679875200000,2023-03-27,3300890
1679961600000,2023-03-28,2387253
1680048000000,2023-03-29,2628398
1680134400000,2023-03-30,1805444
1680220800000,2023-03-31,2681040
1680480000000,2023-04-03,2094894
1680566400000,2023-04-04,1925351
1680652800000,2023-04-05,1597888
1680739200000,2023-04-06,1517448
1681084800000,2023-04-10,4718942
1681171200000,2023-04-11,5156884
1681257600000,2023-04-12,2520701
1681344000000,2023-04-13,2587399
1681430400000,2023-04-14,3047620
1681689600000,2023-04-17,2322946
1681776000000,2023-04-18,2385097
1681862400000,2023-04-19,3916769
1681948800000,2023-04-20,2678121
1682035200000,2023-04-21,2467072
1682294400000,2023-04-24,2479504
1682380800000,2023-04-25,1877984
1682467200000,2023-04-26,2526732
1682553600000,2023-04-27,1946129
1682640000000,2023-04-28,1240480
1682899200000,2023-05-01,1782212
1682985600000,2023-05-02,2415057
1683072000000,2023-05-03,1699778
1683158400000,2023-05-04,1844473
1683244800000,2023-05-05,1323661
1683504000000,2023-05-08,2460969
1683590400000,2023-05-09,1037151
1683676800000,2023-05-10,2078380
1683763200000,2023-05-11,2557754
1683849600000,2023-05-12,3026428
1684108800000,2023-05-15,2207256
1684195200000,2023-05-16,1610579
1684281600000,2023-05-17,1374179
1684368000000,2023-05-18,1538428
1684454400000,2023-05-19,1124467
1684713600000,2023-05-22,1563158
1684800000000,2023-05-23,1112326
1684886400000,2023-05-24,2256345
1684972800000,2023-05-25,1274221
1685059200000,2023-05-26,1410176
1685404800000,2023-05-30,1877238
1685491200000,2023-05-31,1126213
1685577600000,2023-06-01,1126213
1685664000000,2023-06-02,1345273
1685923200000,2023-06-05,1763060
1686009600000,2023-06-06,2142152
1686096000000,2023-06-07,1816349
1686182400000,2023-06-08,1095608
1686268800000,2023-06-09,1358753
1686528000000,2023-06-12,2281089
1686614400000,2023-06-13,1798234
1686700800000,2023-06-14,1213598
1686787200000,2023-06-15,2240573
1686873600000,2023-06-16,5264765
1687219200000,2023-06-20,10239377
1687305600000,2023-06-21,9568822
1687392000000,2023-06-22,4878061
1687478400000,2023-06-23,6493861
1687737600000,2023-06-26,5096974
1687824000000,2023-06-27,4628253
1687910400000,2023-06-28,4281712
1687996800000,2023-06-29,2549588
1688083200000,2023-06-30,7375410
1688342400000,2023-07-03,3194169
1688515200000,2023-07-05,3408369
1688601600000,2023-07-06,2798499
1688688000000,2023-07-07,2538881
1688947200000,2023-07-10,2699682
1689033600000,2023-07-11,2930329
1689120000000,2023-07-12,3462195
1689206400000,2023-07-13,8499454
1689292800000,2023-07-14,6360868
1689552000000,2023-07-17,3366408
1689638400000,2023-07-18,5903510
1689724800000,2023-07-19,2193673
1689811200000,2023-07-20,3090115
1689897600000,2023-07-21,1555394
1690156800000,2023-07-24,3188585
1690243200000,2023-07-25,1628281
1690329600000,2023-07-26,1255379
1690416000000,2023-07-27,2767915
1690502400000,2023-07-28,2168414
1690761600000,2023-07-31,1873173
1690848000000,2023-08-01,2756860
1690934400000,2023-08-02,2735619
1691020800000,2023-08-03,2395136
1691107200000,2023-08-04,1492114
1691366400000,2023-08-07,2354113
1691452800000,2023-08-08,3395389
1691539200000,2023-08-09,3129989
1691625600000,2023-08-10,2212425
1691712000000,2023-08-11,1795731
1691971200000,2023-08-14,2718106
1692057600000,2023-08-15,2504583
1692144000000,2023-08-16,2700270
1692230400000,2023-08-17,4558746
1692316800000,2023-08-18,4629882
1692576000000,2023-08-21,2381270
1692662400000,2023-08-22,1847830
1692748800000,2023-08-23,2485443
1692835200000,2023-08-24,1444046
1692921600000,2023-08-25,1816805
1693180800000,2023-08-28,1189749
1693267200000,2023-08-29,19555243
1693353600000,2023-08-30,5290147
1693440000000,2023-08-31,4810144
1693526400000,2023-09-01,2281187
1693872000000,2023-09-05,1827312
1693958400000,2023-09-06,2117348
1694044800000,2023-09-07,2071540
1694131200000,2023-09-08,2206641
1694390400000,2023-09-11,2104557
1694476800000,2023-09-12,2406571
1694563200000,2023-09-13,1833574
1694649600000,2023-09-14,1709698
1694736000000,2023-09-15,976507
1694995200000,2023-09-18,2689855
1695081600000,2023-09-19,2129769
1695168000000,2023-09-20,1851897
1695254400000,2023-09-21,1600548
1695340800000,2023-09-22,924390
1695600000000,2023-09-25,1559094
1695686400000,2023-09-26,1587934
1695772800000,2023-09-27,1530319
1695859200000,2023-09-28,2796834
1695945600000,2023-09-29,1384186
1696204800000,2023-10-02,2876237
1696291200000,2023-10-03,2037605
1696377600000,2023-10-04,2814632
1696464000000,2023-10-05,3023861
1696550400000,2023-10-06,1956305
1696809600000,2023-10-09,1873199
1696896000000,2023-10-10,2365280
1696982400000,2023-10-11,2258790
1697068800000,2023-10-12,1591096
1697155200000,2023-10-13,2211994
1697414400000,2023-10-16,8566116
1697500800000,2023-10-17,2773409
1697587200000,2023-10-18,3037814
1697673600000,2023-10-19,3037814
1697760000000,2023-10-20,6230126
1698019200000,2023-10-23,7603579
1698105600000,2023-10-24,9152315
1698192000000,2023-10-25,4960494
1698278400000,2023-10-26,5328245
1698364800000,2023-10-27,3978757
1698624000000,2023-10-30,4703714
1698710400000,2023-10-31,2940834
1698796800000,2023-11-01,3499770
1698883200000,2023-11-02,4120399
1698969600000,2023-11-03,3142535
1699228800000,2023-11-06,2875104
1699315200000,2023-11-07,3780944
1699401600000,2023-11-08,3800315
1699488000000,2023-11-09,7885615
1699574400000,2023-11-10,5322666
1699833600000,2023-11-13,3224097
1699920000000,2023-11-14,5427242
1700006400000,2023-11-15,4638390
1700092800000,2023-11-16,4957572
1700179200000,2023-11-17,2954373
1700438400000,2023-11-20,3930836
1700524800000,2023-11-21,4193973
1700611200000,2023-11-22,3236440
1700784000000,2023-11-24,3460881
1701043200000,2023-11-27,3994792
1701129600000,2023-11-28,3718945
1701216000000,2023-11-29,4247711
1701302400000,2023-11-30,3521574
1701388800000,2023-12-01,5007125
1701648000000,2023-12-04,6624493
1701734400000,2023-12-05,8331087
1701820800000,2023-12-06,5929611
1701907200000,2023-12-07,5929911
1701993600000,2023-12-08,3692111
1702252800000,2023-12-11,7477991
1702339200000,2023-12-12,4412392
1702425600000,2023-12-13,6057696
1702512000000,2023-12-14,5261421
1702598400000,2023-12-15,4198720
1702857600000,2023-12-18,5214362
1702944000000,2023-12-19,4121586
1703030400000,2023-12-20,5255753
1703116800000,2023-12-21,3205069
1703203200000,2023-12-22,4071805
1703548800000,2023-12-26,5078780
1703635200000,2023-12-27,6726104
1703721600000,2023-12-28,8139131
1703808000000,2023-12-29,6342465
1704153600000,2024-01-02,9172589
1704240000000,2024-01-03,5785760
1704326400000,2024-01-04,6414127
1704412800000,2024-01-05,4966272
1704672000000,2024-01-08,4988176
1704758400000,2024-01-09,9384423
1704844800000,2024-01-10,15065907
1704931200000,2024-01-11,56268693
1705017600000,2024-01-12,47260925
1705363200000,2024-01-16,25135002
1705449600000,2024-01-17,21951233
1705536000000,2024-01-18,26886448
1705622400000,2024-01-19,35584767
1705881600000,2024-01-22,30040582
1705968000000,2024-01-23,21848201
1706054400000,2024-01-24,17008365
1706140800000,2024-01-25,14138947
1706227200000,2024-01-26,17411245
1706486400000,2024-01-29,14941789
1706572800000,2024-01-30,10206615
1706659200000,2024-01-31,12983921
1706745600000,2024-02-01,7601901
1706832000000,2024-02-02,9811069
1707091200000,2024-02-05,6380104
1707177600000,2024-02-06,6760298
1707264000000,2024-02-07,8525533
1707350400000,2024-02-08,9182418
1707436800000,2024-02-09,12483465
1707696000000,2024-02-12,10552988
1707782400000,2024-02-13,9046813
1707868800000,2024-02-14,13391258
1707955200000,2024-02-15,13574555
1708041600000,2024-02-16,12633374
1708387200000,2024-02-20,13349834
1708473600000,2024-02-21,7481091
1708560000000,2024-02-22,7503824
1708646400000,2024-02-23,6982066
1708905600000,2024-02-26,17353668
1708992000000,2024-02-27,15716032
1709078400000,2024-02-28,34139321
1709164800000,2024-02-29,24676974
1709251200000,2024-03-01,18849417
1709510400000,2024-03-04,25439227
1709596800000,2024-03-05,50656381
1709683200000,2024-03-06,16452883
1709769600000,2024-03-07,20590100
1709856000000,2024-03-08,24355592
1710115200000,2024-03-11,21500259
1710201600000,2024-03-12,28565523
1710288000000,2024-03-13,16578057
1710374400000,2024-03-14,31539628
1710460800000,2024-03-15,21446151
1710720000000,2024-03-18,14542114
1710806400000,2024-03-19,22288546
1710892800000,2024-03-20,21650086
1710979200000,2024-03-21,19699724
1711065600000,2024-03-22,11583705
1711324800000,2024-03-25,24534123
1711411200000,2024-03-26,10634569
1711497600000,2024-03-27,12911358
1711584000000,2024-03-28,11835202
1711929600000,2024-04-01,11478947
1712016000000,2024-04-02,10411710
1712102400000,2024-04-03,8165445
1712188800000,2024-04-04,13728439
1712275200000,2024-04-05,9230208
1712534400000,2024-04-08,10851643
1712620800000,2024-04-09,11014961
1712707200000,2024-04-10,10011059
1712793600000,2024-04-11,10292558
1712880000000,2024-04-12,19702648
1713139200000,2024-04-15,13734648
1713225600000,2024-04-16,9426096
1713312000000,2024-04-17,14046688
1713398400000,2024-04-18,9876616
1713484800000,2024-04-19,8706156
1713744000000,2024-04-22,7484070
1713830400000,2024-04-23,3767080
1713916800000,2024-04-24,9095562
1714003200000,2024-04-25,8324455
1714089600000,2024-04-26,6664040
1714348800000,2024-04-29,4539709
1714435200000,2024-04-30,11945246
1714521600000,2024-05-01,13599850
1714608000000,2024-05-02,5789376
1714694400000,2024-05-03,6239013
1714953600000,2024-05-06,6838170
1715040000000,2024-05-07,5208237
1715126400000,2024-05-08,4129388
1715212800000,2024-05-09,6495526
1715299200000,2024-05-10,7835119
1715558400000,2024-05-13,2931925
1715644800000,2024-05-14,3722989
1715731200000,2024-05-15,8191994
1715817600000,2024-05-16,4027493
1715904000000,2024-05-17,5495184
1716163200000,2024-05-20,7084007
1716249600000,2024-05-21,6489918
1716336000000,2024-05-22,4077863
1716422400000,2024-05-23,4744498
1716508800000,2024-05-24,4464834
1716854400000,2024-05-28,6115516
1716940800000,2024-05-29,4272087
1717027200000,2024-05-30,5580569
1717113600000,2024-05-31,5592613
1717372800000,2024-06-03,3204138
1717459200000,2024-06-04,5873188
1717545600000,2024-06-05,4807975
1717632000000,2024-06-06,3706179
1717718400000,2024-06-07,6917905
1717977600000,2024-06-10,2677921
1718064000000,2024-06-11,5490038
1718150400000,2024-06-12,7392446
1718236800000,2024-06-13,4657434
1718323200000,2024-06-14,5014957
1718582400000,2024-06-17,3371580
1718668800000,2024-06-18,4765972
1718841600000,2024-06-20,3451672
1718928000000,2024-06-21,3077188
1719187200000,2024-06-24,8353932
1719273600000,2024-06-25,6204742
1719360000000,2024-06-26,2408304
1719446400000,2024-06-27,1825311
1719532800000,2024-06-28,3788259
1719792000000,2024-07-01,3070920
1719878400000,2024-07-02,3343949
1719964800000,2024-07-03,1700247
1720137600000,2024-07-05,7813345
1720396800000,2024-07-08,6806521
1720483200000,2024-07-09,3386914
1720569600000,2024-07-10,3476573
1720656000000,2024-07-11,3607960
1720742400000,2024-07-12,2884889
1721001600000,2024-07-15,4799886
1721088000000,2024-07-16,3522685
1721174400000,2024-07-17,3258800
1721260800000,2024-07-18,2915589
1721347200000,2024-07-19,6679941
1721606400000,2024-07-22,3313249
1721692800000,2024-07-23,6533883
1721779200000,2024-07-24,4096904
1721865600000,2024-07-25,3978119
1721952000000,2024-07-26,4471045
1722211200000,2024-07-29,7045510
1722297600000,2024-07-30,4116736
1722384000000,2024-07-31,3002148
1722470400000,2024-08-01,6866848
1722556800000,2024-08-02,6163979
1722816000000,2024-08-05,16266537
1722902400000,2024-08-06,5812793
1722988800000,2024-08-07,6112896
1723075200000,2024-08-08,5520818
1723161600000,2024-08-09,5446545
1723420800000,2024-08-12,4958156
1723507200000,2024-08-13,3707833
1723593600000,2024-08-14,5530975
1723680000000,2024-08-15,6770693
1723766400000,2024-08-16,3946931
1724025600000,2024-08-19,1829676
1724112000000,2024-08-20,4556697
1724198400000,2024-08-21,3874747
1724284800000,2024-08-22,2277004
1724371200000,2024-08-23,6416754
1724630400000,2024-08-26,2771826
1724716800000,2024-08-27,2438646
1724803200000,2024-08-28,2609477
1724889600000,2024-08-29,2902285
1724976000000,2024-08-30,3160564
1725321600000,2024-09-03,4185999
1725408000000,2024-09-04,4692043
1725494400000,2024-09-05,3607661
1725580800000,2024-09-06,7073865
1725840000000,2024-09-09,4142443
1725926400000,2024-09-10,1812398
1726012800000,2024-09-11,3006256
1726099200000,2024-09-12,2349283
1726185600000,2024-09-13,3850292
1726444800000,2024-09-16,2855203
1726531200000,2024-09-17,4750606
1726617600000,2024-09-18,4150099
1726704000000,2024-09-19,2644847
1726790400000,2024-09-20,1687931
1727049600000,2024-09-23,1609172
1727136000000,2024-09-24,1918739
1727222400000,2024-09-25,1656498
1727308800000,2024-09-26,3299232
1727395200000,2024-09-27,3683303
1727654400000,2024-09-30,2088877
1727740800000,2024-10-01,4162711
1727827200000,2024-10-02,3625835
1727913600000,2024-10-03,3801136
1728000000000,2024-10-04,2149062
1728259200000,2024-10-07,2058743
1728345600000,2024-10-08,2463434
1728432000000,2024-10-09,1523746
1728518400000,2024-10-10,2181979
1728604800000,2024-10-11,3672983
1728864000000,2024-10-14,4026707
1728950400000,2024-10-15,4146255
1729036800000,2024-10-16,2107420
1729123200000,2024-10-17,6537971
1729209600000,2024-10-18,3399938
1729468800000,2024-10-21,3093066
1729555200000,2024-10-22,2306947
1729641600000,2024-10-23,2515988
1729728000000,2024-10-24,1604948
1729814400000,2024-10-25,3903794
1730073600000,2024-10-28,3830896
1730160000000,2024-10-29,6744987
1730246400000,2024-10-30,2040608
1730332800000,2024-10-31,3992680
1730419200000,2024-11-01,3801058
1730678400000,2024-11-04,2220555
1730764800000,2024-11-05,3360326
1730851200000,2024-11-06,7486358
1730937600000,2024-11-07,3184463
1731024000000,2024-11-08,2822397
1731283200000,2024-11-11,10665835
1731369600000,2024-11-12,6242006
1731456000000,2024-11-13,9300006
1731542400000,2024-11-14,5126725
1731628800000,2024-11-15,3547095
1731888000000,2024-11-18,4859699
1731974400000,2024-11-19,4285045
1732060800000,2024-11-20,4943810
1732147200000,2024-11-21,6798928
1732233600000,2024-11-22,5641649
1732492800000,2024-11-25,5296002
1732579200000,2024-11-26,5361715
1732665600000,2024-11-27,3894370
1732838400000,2024-11-29,2959545
1733097600000,2024-12-02,3037373
1733184000000,2024-12-03,2127968
1733270400000,2024-12-04,4899403
1733356800000,2024-12-05,7046724
1733443200000,2024-12-06,3963307
1733702400000,2024-12-09,4091138
1733788800000,2024-12-10,4294610
1733875200000,2024-12-11,4209987
1733961600000,2024-12-12,3370864
1734048000000,2024-12-13,2848219
1734307200000,2024-12-16,5619910
1734393600000,2024-12-17,4459365
1734480000000,2024-12-18,4989412
1734566400000,2024-12-19,4537893
1734652800000,2024-12-20,3969369
1734912000000,2024-12-23,4246022
1734998400000,2024-12-24,1717143
1735171200000,2024-12-26,2325038
1735257600000,2024-12-27,4066131
1735516800000,2024-12-30,3895770
1735603200000,2024-12-31,2256845
1735776000000,2025-01-02,3262389
1735862400000,2025-01-03,2155187
1736121600000,2025-01-06,3647159
1736208000000,2025-01-07,3867472
1736294400000,2025-01-08,2640557
1736467200000,2025-01-10,3924310
1736726400000,2025-01-13,3087096
1736812800000,2025-01-14,2044387
1736899200000,2025-01-15,2745939
1736985600000,2025-01-16,2889788
1737072000000,2025-01-17,3778550
1737417600000,2025-01-21,3628734
1737504000000,2025-01-22,2359883
1737590400000,2025-01-23,9090631
1737676800000,2025-01-24,2563878
1737936000000,2025-01-27,3356238
1738022400000,2025-01-28,1973409
1738108800000,2025-01-29,2139234
1738195200000,2025-01-30,2000406
1738281600000,2025-01-31,2865043
1738540800000,2025-02-03,5068983
1738627200000,2025-02-04,2774019
1738713600000,2025-02-05,1979841
1738800000000,2025-02-06,2779573
1738886400000,2025-02-07,2817899
1739145600000,2025-02-10,1214015
1739232000000,2025-02-11,1205799
1739318400000,2025-02-12,1972102
1739404800000,2025-02-13,1407081
1739491200000,2025-02-14,2436628
1739836800000,2025-02-18,1792613
1739923200000,2025-02-19,1734113
1740009600000,2025-02-20,1781178
1740096000000,2025-02-21,3336309
1740355200000,2025-02-24,2017376
1740441600000,2025-02-25,6071127
1740528000000,2025-02-26,5372076
1740614400000,2025-02-27,2722140
1740700800000,2025-02-28,3885034
1740960000000,2025-03-03,4217936
1741046400000,2025-03-04,2727611
1741132800000,2025-03-05,2120007
1741219200000,2025-03-06,2061991
1741305600000,2025-03-07,3014244
1741564800000,2025-03-10,4018499
1741651200000,2025-03-11,2760392
1741737600000,2025-03-12,1925747
1741824000000,2025-03-13,1402841
1741910400000,2025-03-14,1969182
1742169600000,2025-03-17,1367540
1742256000000,2025-03-18,1480780
1742342400000,2025-03-19,1501382
1742428800000,2025-03-20,1219552
1742515200000,2025-03-21,904191
1742774400000,2025-03-24,1582125
1742860800000,2025-03-25,824285
1742947200000,2025-03-26,1109576
1743033600000,2025-03-27,1112011
1743120000000,2025-03-28,1503476
1743379200000,2025-03-31,1398592
1743465600000,2025-04-01,1290733
1743552000000,2025-04-02,1597579
1743638400000,2025-04-03,2767464
1743724800000,2025-04-04,4079133
1743984000000,2025-04-07,7515534
1742342400000,2025-03-19,2464856.78090028,213981885845.57388
1742428800000,2025-03-20,2465868.66060691,207717218974.44415
1742515200000,2025-03-21,2462066.17798355,206927150129.5115
1742601600000,2025-03-22,2461185.09819592,206332476875.9204
1742688000000,2025-03-23,2459825.5964079,210923980738.2188
1742774400000,2025-03-24,2450742.58395408,214550235563.66568
1742860800000,2025-03-25,2426130.30014821,212255110843.80695
1742947200000,2025-03-26,2426337.85075659,210773484934.4664
1743033600000,2025-03-27,2425290.86423094,211554408797.2354
1743120000000,2025-03-28,2419603.16219014,204168999732.8234
1743206400000,2025-03-29,2420926.16275517,199957623043.40195
1743292800000,2025-03-30,2424601.73732838,199459529957.7315
1743379200000,2025-03-31,2439941.78438563,200919842091.7819
1743465600000,2025-04-01,2438750.14537128,207771170786.38287
1743552000000,2025-04-02,2438392.79024631,201206570856.53973
1743638400000,2025-04-03,2429063.08496776,201865174266.64032
1743724800000,2025-04-04,2428943.15967714,203596025032.5673
1743811200000,2025-04-05,2432580.11622945,202678091682.3914
1743897600000,2025-04-06,2436632.10390304,190325842422.60873
1743984000000,2025-04-07,2433789.82312319,193981890176.72455
1742342400000,2025-03-19,2464856.78090028,213981885845.57388
1742428800000,2025-03-20,2465868.66060691,207717218974.44415
1742515200000,2025-03-21,2462066.17798355,206927150129.5115
1742601600000,2025-03-22,2461185.09819592,206332476875.9204
1742688000000,2025-03-23,2459825.5964079,210923980738.2188
1742774400000,2025-03-24,2450742.58395408,214550235563.66568
1742860800000,2025-03-25,2426130.30014821,212255110843.80695
1742947200000,2025-03-26,2426337.85075659,210773484934.4664
1743033600000,2025-03-27,2425290.86423094,211554408797.2354
1743120000000,2025-03-28,2419603.16219014,204168999732.8234
1743206400000,2025-03-29,2420926.16275517,199957623043.40195
1743292800000,2025-03-30,2424601.73732838,199459529957.7315
1743379200000,2025-03-31,2439941.78438563,200919842091.7819
1743465600000,2025-04-01,2438750.14537128,207771170786.38287
1743552000000,2025-04-02,2438392.79024631,201206570856.53973
1743638400000,2025-04-03,2429063.08496776,201865174266.64032
1743724800000,2025-04-04,2428943.15967714,203596025032.5673
1743811200000,2025-04-05,2432580.11622945,202678091682.3914
1743897600000,2025-04-06,2436632.10390304,190325842422.60873
1743984000000,2025-04-07,2433789.82312319,193981890176.72455
