start_time,v
1270818000000,93956263.79418416
1270821600000,58764006.65164379
1270825200000,89298295.87224095
1270828800000,57302108.61460494
1270832400000,44589577.978680715
1270836000000,51932577.361015245
1270839600000,65403626.6295569
1270843200000,43738577.58614791
1270846800000,88027811.25513335
1270850400000,31133918.155850716
1270854000000,67694701.6105586
1270857600000,140563082.53751424
1270861200000,73130733.8887428
1270864800000,67976396.07759865
1270868400000,111000527.85321352
1270872000000,89565784.17763346
1270875600000,64615387.6188793
1270879200000,113310365.42703764
1270882800000,58586549.26721586
1270886400000,82828281.20652467
1270890000000,64807647.63658982
1270893600000,42974226.06352627
1270897200000,67450127.20473981
1270900800000,88991911.10601525
1270904400000,66475414.38386208
1270908000000,66274292.97454625
1270911600000,18736146.44576106
1270915200000,59823585.01221487
1270918800000,114754058.09948955
1270922400000,56451240.37113752
1270926000000,91708506.28714624
1270929600000,80286558.84116265
1270933200000,100831341.9911032
1270936800000,104131172.47743696
1270940400000,82653660.79639147
1270944000000,35051753.63232456
1270947600000,100013740.91264036
1270951200000,24336056.137650535
1270954800000,48530098.15460391
1270958400000,103971853.05810183
1270962000000,49642781.18107631
1270965600000,71120882.42676646
1270969200000,87074706.1360467
1270972800000,88350166.62029299
1270976400000,87171509.5892274
1270980000000,116232986.7706938
1270983600000,67328501.52456641
1270987200000,33823260.16413675
1270990800000,56260292.141099855
1270994400000,95415108.2361704
1270998000000,63132667.37158618
1271001600000,41695184.60411503
1271005200000,81170572.3348965
1271008800000,89484476.890739
1271012400000,84754306.75826311
1271016000000,51741648.76777622
1271019600000,80994497.34067765
1271023200000,56087820.368748225
1271026800000,36279688.685872845
1271030400000,58001496.348042555
1271034000000,100111966.93985765
1271037600000,34877134.096392676
1271041200000,78382270.2317894
1271044800000,123248621.30699477
1271048400000,69838141.06035185
1271052000000,79499301.77676107
1271055600000,47558739.28849927
1271059200000,77807978.41327366
1271062800000,84069517.76674303
1271066400000,86685388.91033112
1271070000000,71497120.48496826
1271073600000,77545395.36437264
1271077200000,58579835.49037297
1271080800000,104836406.3070239
1271084400000,92319330.25787205
1271088000000,90042285.11478241
1271091600000,46480902.81429356
1271095200000,69106527.46463753
1271098800000,53984019.84723235
1271102400000,80864620.42009753
1271106000000,139287806.5228153
1271109600000,19151742.45265948
1271113200000,56069736.80770257
1271116800000,74490207.59149173
1271120400000,78334162.91035298
1271124000000,70116434.96412075
1271127600000,66244126.91876497
1271131200000,62130128.55039558
1271134800000,79361465.85022172
1271138400000,91814577.22201703
1271142000000,72665020.22460805
1271145600000,64367962.33609978
1271149200000,60561670.900231026
1271152800000,49904565.15276945
1271156400000,90264113.81271358
1271160000000,73791715.7673248
1271163600000,66113725.09412172
1271167200000,62294755.28211365
1271170800000,43180473.576515615
1271174400000,51910003.62876945
1271178000000,28742637.86719199
1271181600000,121504150.79100576
1271185200000,108436599.89021198
1271188800000,124885122.7608348
1271192400000,83133099.87082633
1271196000000,84622606.69941898
1271199600000,68164803.25737804
1271203200000,40503825.793311425
1271206800000,84527950.53979991
1271210400000,48020835.49873296
1271214000000,54818997.30328701
1271217600000,54842867.97487564
1271221200000,56897484.61633516
1271224800000,70095529.64660016
1271228400000,44781029.79708512
1271232000000,100038856.16733068
1271235600000,81872142.77636093
1271239200000,98108390.49994303
1271242800000,109793306.13865264
1271246400000,82116802.80639079
1271250000000,65817582.988436975
1271253600000,81966497.49313933
1271257200000,103314347.1350336
1271260800000,75692339.48316061
1271264400000,59655013.05117911
1271268000000,71995224.75415613
1271271600000,75199042.4804116
1271275200000,44816883.3037281
1271278800000,51197823.70093573
1271282400000,75283322.71855162
1271286000000,57070131.43213907
1271289600000,84646303.87295564
1271293200000,105513542.90033348
1271296800000,72427728.41487889
1271300400000,67010718.97009944
1271304000000,74934788.81707683
1271307600000,88067579.45791471
1271311200000,120733168.57057264
1271314800000,57183494.34928577
1271318400000,92337789.50911078
1271322000000,76396411.36835675
1271325600000,41008269.04494974
1271329200000,133541838.36108884
1271332800000,88383611.44161537
1271336400000,100767393.7828198
1271340000000,140174342.01925644
1271343600000,62894704.77118697
1271347200000,38086303.928724825
1271350800000,78106447.3204973
1271354400000,57840021.2648918
1271358000000,116820077.73152636
1271361600000,74396246.89400062
1271365200000,37779271.482355274
1271368800000,114594617.05253516
1271372400000,83987760.803091
1271376000000,68472522.6255124
1271379600000,76081538.1651962
1271383200000,68524911.70173699
1271386800000,34755887.21746862
1271390400000,69264883.3937499
1271394000000,68823303.99142179
1271397600000,98549801.49006408
1271401200000,42589110.25591407
1271404800000,121147347.5365094
1271408400000,40587036.06986567
1271412000000,72500318.07407196
1271415600000,132088774.30970304
1271419200000,63831052.92584195
1271422800000,164297032.59744152
1271426400000,63643856.64176959
1271430000000,77744843.39771722
1271433600000,66890604.15816339
1271437200000,45154305.38829503
1271440800000,151105754.41427943
1271444400000,102771641.21118064
1271448000000,62593292.44800236
1271451600000,130285622.85103734
1271455200000,37296804.38402425
1271458800000,70508969.23963717
1271462400000,59994072.073067926
1271466000000,65469341.80860398
1271469600000,92091506.30055894
1271473200000,75771624.02214065
1271476800000,83339385.47844626
1271480400000,75173327.8115704
1271484000000,57037824.53633824
1271487600000,122130081.2647776
1271491200000,92268605.35113692
1271494800000,103834596.91566956
1271498400000,118259761.78807688
1271502000000,37060162.590691134
1271505600000,122494527.79375072
1271509200000,112096287.68204875
1271512800000,53967497.07736557
1271516400000,57248475.5928645
1271520000000,72539465.11406876
1271523600000,68964624.94417626
1271527200000,101229722.41471018
1271530800000,73111885.38299611
1271534400000,39605863.61770501
1271538000000,68347115.07491623
1271541600000,144731602.16917625
1271545200000,124430153.80480585
1271548800000,91043026.15292446
1271552400000,81103287.12914531
1271556000000,84268734.63348886
1271559600000,110207620.50144
1271563200000,167387314.54495314
1271566800000,78129159.28540584
1271570400000,133541838.36108884
1271574000000,176419027.43434712
1271577600000,102997512.95010632
1271581200000,113535186.17884213
1271584800000,100256036.8591458
1271588400000,77498176.74719088
1271592000000,83662316.94722517
1271595600000,134458339.3964523
1271599200000,96915922.30481432
1271602800000,82273258.33705077
1271606400000,88254584.2716276
1271610000000,106368241.79830196
1271613600000,96788969.30205716
1271617200000,53494726.330470674
1271620800000,92579464.3584455
1271624400000,50190444.35538805
1271628000000,41121239.483090095
1271631600000,54893662.24104687
1271635200000,31854984.83826795
1271638800000,114404090.72248024
1271642400000,92573793.68195656
1271646000000,91576748.0512988
1271649600000,38728981.02838312
1271653200000,61083550.79929768
1271656800000,71220965.29375851
1271660400000,89194470.26218066
1271664000000,90936206.7179075
1271667600000,133343016.765514
1271671200000,163779774.1278308
1271674800000,85243077.02490823
1271678400000,105202106.02290943
1271682000000,90751918.07560596
1271685600000,118378855.20377484
1271689200000,99957655.797065
1271692800000,98854370.41299143
1271696400000,55631899.298319176
1271700000000,159974570.590275
1271703600000,51302096.25429812
1271707200000,65597211.616823904
1271710800000,108073029.83207422
1271714400000,111729116.2601924
1271718000000,50140491.18857502
1271721600000,61102072.19129263
1271725200000,80412862.76411933
1271728800000,96259378.79779892
1271732400000,54287347.54495771
1271736000000,76396411.36835675
1271739600000,82587964.78970617
1271743200000,100913273.92131996
1271746800000,96455405.93858084
1271750400000,63833941.47018649
1271754000000,87519927.9421859
1271757600000,59234166.398260735
1271761200000,71655107.11206853
1271764800000,55774877.964816794
1271768400000,97138893.26916511
1271772000000,42312784.0602379
1271775600000,115184129.2294273
1271779200000,51498756.47505317
1271782800000,100046983.46086936
1271786400000,35891821.90522452
1271790000000,86685388.91033112
1271793600000,50964753.183329046
1271797200000,113401594.87162806
1271800800000,108282984.46366632
1271804400000,122713614.5367004
1271808000000,99190113.25402787
1271811600000,82049932.44579929
1271815200000,118887689.72677466
1271818800000,85443256.46214873
1271822400000,92749908.2940548
1271826000000,86427617.98202223
1271829600000,150428959.4557204
1271833200000,105202106.02290943
1271836800000,62012135.05874047
1271840400000,29298434.732027195
1271844000000,86278256.84865768
1271847600000,48632743.04635655
1271851200000,83650740.59231342
1271854800000,44215076.81386761
1271858400000,61009577.38022496
1271862000000,81081531.95555916
1271865600000,137910370.98746443
1271869200000,105434787.6215617
1271872800000,47945428.04827101
1271876400000,110922579.1152144
1271880000000,96334679.48525482
1271883600000,153773040.18214995
1271887200000,56531413.84121588
1271890800000,60954272.66117732
1271894400000,56224791.84207711
1271898000000,123062969.48105842
1271901600000,138544911.2428223
1271905200000,74632605.46525052
1271908800000,117336974.87276632
1271912400000,130338162.67685038
1271916000000,78447469.12750775
1271919600000,98421482.06450406
1271923200000,109450094.92792228
1271926800000,81296964.42878212
1271930400000,68458618.63844149
1271934000000,102580961.36603968
1271937600000,165787412.30875096
1271941200000,87097042.66927896
1271944800000,26543860.62301835
1271948400000,66225771.96462547
1271952000000,57606155.549223796
1271955600000,64398197.038581
1271959200000,79417518.47693393
1271962800000,76710981.81997903
1271966400000,110680216.81528302
1271970000000,79739046.8918203
1271973600000,71588923.31447954
1271977200000,90181064.93717772
1271980800000,41192577.90493506
1271984400000,98972585.84060109
1271988000000,32150742.05399872
1271991600000,118285100.67977495
1271995200000,96600905.32227951
1271998800000,63764389.3495196
1272002400000,66918811.4374817
1272006000000,75145152.92743081
1272009600000,72820598.6527469
1272013200000,72463372.2674011
1272016800000,169789177.43344495
1272020400000,101859456.87980768
1272024000000,135086039.65898228
1272027600000,102795117.86158462
1272031200000,52071553.99291354
1272034800000,64685840.06266294
1272038400000,89606663.24967977
1272042000000,142721337.55275083
1272045600000,69916736.18132629
1272049200000,100385038.64566574
1272052800000,45988973.962359
1272056400000,88083830.86887126
1272060000000,76815696.49875046
1272063600000,93432374.6787458
1272067200000,101384066.14076672
1272070800000,45214748.81147754
1272074400000,66937005.785344
1272078000000,73108925.69517303
1272081600000,72820598.65274692
1272085200000,86753594.30905946
1272088800000,99644992.8273759
1272092400000,79825227.97465393
1272096000000,59774035.15107622
1272099600000,73381313.64485697
1272103200000,204310628.446884
1272106800000,79610123.61471146
1272110400000,33127738.14018773
1272114000000,74472691.8916547
1272117600000,114686789.10488908
1272121200000,97406254.11612073
1272124800000,112868450.32824996
1272128400000,81007175.41381799
1272132000000,136056538.97678652
1272135600000,150955260.87310183
1272139200000,169012110.2598365
1272142800000,79460239.0355552
1272146400000,96872408.70991942
1272150000000,150997344.8599636
1272153600000,67697793.0188346
1272157200000,76390077.61300826
1272160800000,117235384.41833104
1272164400000,86756020.57582052
1272168000000,77786510.9884661
1272171600000,75145152.9274308
1272175200000,69585728.4563299
1272178800000,87814529.98468618
1272182400000,107547567.79548389
1272186000000,93230194.80386618
1272189600000,49585963.19808563
1272193200000,42060530.856234945
1272196800000,120476783.59603384
1272200400000,85335981.72564824
1272204000000,83068513.63255848
1272207600000,143728128.79308885
1272211200000,47028520.970104136
1272214800000,61227134.36421168
1272218400000,128152039.64756836
1272222000000,119447372.80358258
1272225600000,187815110.4476759
1272229200000,88445478.62198953
1272232800000,110017317.05593131
1272236400000,47058484.984739445
1272240000000,87502419.44399421
1272243600000,108068831.7271858
1272247200000,113814184.23738582
1272250800000,134202402.441262
1272254400000,72602272.86301832
1272258000000,31124438.341149833
1272261600000,75317570.10431977
1272265200000,80643900.37199187
1272268800000,118540743.799456
1272272400000,114508980.12953264
1272276000000,79315176.31394818
1272279600000,171087079.41521555
1272283200000,73789773.10851921
1272286800000,91437068.62711056
1272290400000,142679981.03650835
1272294000000,75173834.28350998
1272297600000,53666334.011661075
1272301200000,71360668.77637543
1272304800000,46716187.3393729
1272308400000,70140828.28447156
1272312000000,101106491.69548056
1272315600000,127049814.53592068
1272319200000,79438873.01269004
1272322800000,108545299.43389148
1272326400000,110436408.26334292
1272330000000,89742760.85485852
1272333600000,83093546.33314689
1272337200000,105179136.463196
1272340800000,58954575.49772394
1272344400000,84168993.94136588
1272348000000,82694824.90160587
1272351600000,139486859.64787263
1272355200000,142021521.36053947
1272358800000,91126825.64287296
1272362400000,108828524.82841145
1272366000000,149491799.48599327
1272369600000,117847579.63722572
1272373200000,74021138.68866362
1272376800000,102261394.50820152
1272380400000,68807799.68655539
1272384000000,62386900.79911185
1272387600000,94599157.4557138
1272391200000,129424577.42444256
1272394800000,154961011.66231012
1272398400000,104699887.6640016
1272402000000,87347194.67559382
1272405600000,165843251.78746727
1272409200000,87613632.48345025
1272412800000,217871068.38804883
1272416400000,92479750.52049723
1272420000000,108251265.76315744
1272423600000,47322307.98241137
1272427200000,70684555.63551398
1272430800000,112748456.06473446
1272434400000,80493234.51422074
1272438000000,102830897.5754244
1272441600000,101106491.69548056
1272445200000,71934056.18071444
1272448800000,50574015.46394725
1272452400000,122960530.82721736
1272456000000,158093250.44153222
1272459600000,72516732.62989548
1272463200000,85732202.18635933
1272466800000,108009567.218424
1272470400000,75365604.2689271
1272474000000,79642315.33473359
1272477600000,93412679.82742228
1272481200000,187349524.7363159
1272484800000,99606597.68516326
1272488400000,115077677.95664395
1272492000000,108425789.05741598
1272495600000,133474820.96963686
1272499200000,87926538.31374827
1272502800000,139014289.82410792
1272506400000,45832015.00685607
1272510000000,85041211.49516243
1272513600000,92504570.6360422
1272517200000,28088340.818995457
1272520800000,71761821.81759177
1272524400000,37788842.253030725
1272528000000,88825366.42639634
1272531600000,110732072.23920324
1272535200000,109450094.92792228
1272538800000,46262632.12248579
1272542400000,68276674.07769683
1272546000000,70623725.55321148
1272549600000,77909590.9109162
1272553200000,79965670.24880071
1272556800000,120225109.36008984
1272560400000,36125356.90073296
1272564000000,118220555.71596406
1272567600000,123041225.80933423
1272571200000,77860312.23228815
1272574800000,93559183.00485702
1272578400000,93230194.8038662
1272582000000,79460239.03555518
1272585600000,153451847.1544964
1272589200000,73858292.18354855
1272592800000,104516451.20313476
1272596400000,96736466.51414348
1272600000000,47095993.740506016
1272603600000,108561918.93711203
1272607200000,107743679.33413357
1272610800000,44167015.8071751
1272614400000,78555937.22989635
1272618000000,96334285.06862123
1272621600000,90966489.88912465
1272625200000,86764513.5783243
1272628800000,75752094.54722928
1272632400000,60326955.96140533
1272636000000,128981955.35219131
1272639600000,92355849.4613862
1272643200000,94075012.33415942
1272646800000,48606970.834846035
1272650400000,679156709.7337798
1272654000000,50836582.623878054
1272657600000,110586999.33902083
1272661200000,91110766.637561
1272664800000,132629929.84700076
1272668400000,76423953.47891203
1272672000000,75868815.80230975
1272675600000,91183076.76981305
1272679200000,130055101.57342586
1272682800000,94327320.79635832
1272686400000,110401034.65403372
1272690000000,106462403.1474574
1272693600000,70867676.24596868
1272697200000,44253021.08061627
1272700800000,130884799.19111918
1272704400000,146302328.52469173
1272708000000,38487906.29679445
1272711600000,135204062.90880913
1272715200000,91692479.43333156
1272718800000,149460287.72387564
1272722400000,26401534.29260002
1272726000000,76438077.29215892
1272729600000,122349462.47964972
1272733200000,105987709.16048378
1272736800000,144433993.6033838
1272740400000,160126378.71772045
1272744000000,102234853.78811117
1272747600000,141175454.95421833
1272751200000,89552339.71936776
1272754800000,127672069.4616224
1272758400000,40930059.397921056
1272762000000,59181323.86502288
1272765600000,72261317.0761653
1272769200000,106664200.28312814
1272772800000,140390740.28322688
1272776400000,99129142.9939296
1272780000000,139128557.92773935
1272783600000,105662792.8233885
1272787200000,62107544.72212289
1272790800000,145057202.3244816
1272794400000,55586883.55802555
1272798000000,79417518.47693394
1272801600000,102004152.17220873
1272805200000,84918990.72555166
1272808800000,86103429.97499207
1272812400000,116449810.30121964
1272816000000,38258633.60971176
1272819600000,78012455.43548831
1272823200000,84004881.84009098
1272826800000,69570980.50964187
1272830400000,108839216.30349036
1272834000000,153261877.7625041
1272837600000,43587071.22074273
1272841200000,54649124.8120966
1272844800000,152915718.80651873
1272848400000,116266496.9437994
1272852000000,143646597.4396406
1272855600000,109203980.55724284
1272859200000,108455641.97290535
1272862800000,70615044.08725533
1272866400000,114205444.06557098
1272870000000,150683898.0518097
1272873600000,151588994.12613752
1272877200000,95955464.9749146
1272880800000,90016200.10182638
1272884400000,58524795.70804164
1272888000000,42566554.10045302
1272891600000,80918424.74231559
1272895200000,33810158.93044109
1272898800000,72820598.6527469
1272902400000,69272455.62141114
1272906000000,32869733.94906478
1272909600000,46694036.468183056
1272913200000,61510132.98650722
1272916800000,98128820.43872702
1272920400000,118576427.34665632
1272924000000,70240886.52738807
1272927600000,138798763.7933729
1272931200000,74642033.53567313
1272934800000,47642826.7592637
1272938400000,57454914.18401288
1272942000000,114661354.02192056
1272945600000,72838552.44925892
1272949200000,34650852.537437744
1272952800000,98007287.92933723
1272956400000,112545969.0415978
1272960000000,99731490.216983
1272963600000,92763533.42586815
1272967200000,77600405.06241032
1272970800000,47974634.65681033
1272974400000,75206897.52005653
1272978000000,43317756.20111263
1272981600000,137110115.28004342
1272985200000,19730719.127714507
1272988800000,158355298.13548774
1272992400000,46239481.69268327
1272996000000,93011496.7419396
1272999600000,146267748.21154913
1273003200000,93642796.49358173
1273006800000,110594832.4653657
1273010400000,88796172.80807318
1273014000000,115725968.86022016
1273017600000,181088831.50194415
1273021200000,93260365.69534008
1273024800000,161759124.76859057
1273028400000,62855149.65856206
1273032000000,128275153.04802616
1273035600000,54762412.70177869
1273039200000,103410658.46386787
1273042800000,86881016.0582769
1273046400000,67399635.32024607
1273050000000,46008187.911811166
1273053600000,68484163.06128332
1273057200000,141577273.98721775
1273060800000,55352880.0403385
1273064400000,58662579.21893966
1273068000000,67023101.044713974
1273071600000,130722830.00446308
1273075200000,63711407.75827464
1273078800000,45272207.87548604
1273082400000,117490191.54547516
1273086000000,68777195.16477752
1273089600000,73759451.216543
1273093200000,65251931.895025104
1273096800000,57606285.38644832
1273100400000,187550794.90303308
1273104000000,101670636.33054069
1273107600000,88319101.46353965
1273111200000,88181339.12151928
1273114800000,74819443.33001286
1273118400000,102046637.20454416
1273122000000,116182781.89519472
1273125600000,96396194.58553274
1273129200000,83143987.04364216
1273132800000,84236317.00861804
1273136400000,96368139.81411669
1273140000000,112266128.97457786
1273143600000,87297898.33938965
1273147200000,50537382.2346314
1273150800000,97848974.1138608
1273154400000,144931833.26581773
1273158000000,111742488.2818881
1273161600000,130503863.79005018
1273165200000,100995490.14418884
1273168800000,174441102.12712422
1273172400000,29511669.197977263
1273176000000,75624284.20721819
1273179600000,26185917.627623953
1273183200000,104804055.8332942
1273186800000,122842117.7522927
1273190400000,79206058.70142445
1273194000000,134865154.93699288
1273197600000,75577679.26625237
1273201200000,142234075.7737564
1273204800000,57938920.10521521
1273208400000,72018596.15986621
1273212000000,100627181.50599696
1273215600000,50444992.13913847
1273219200000,44852748.212140344
1273222800000,150304552.15674302
1273226400000,117144600.72217676
1273230000000,72347694.54669309
1273233600000,70684369.38868713
1273237200000,74076270.3358624
1273240800000,43103479.354504675
1273244400000,110658192.43813305
1273248000000,71764397.13942456
1273251600000,53077010.243056014
1273255200000,88416803.31142987
1273258800000,42467734.8212524
1273262400000,77527728.49480331
1273266000000,111376027.0438294
1273269600000,76542054.64662619
1273273200000,107606615.54359958
1273276800000,103373762.32312614
1273280400000,128384097.64091805
1273284000000,69768421.4920575
1273287600000,98109904.71149774
1273291200000,62819375.52671313
1273294800000,140567553.2353986
1273298400000,52161456.90001653
1273302000000,40548729.90464179
1273305600000,96536713.8196224
1273309200000,108327457.49224806
1273312800000,71346892.56653844
1273316400000,58897354.74943167
1273320000000,79663401.51601225
1273323600000,96867540.07059236
1273327200000,145143598.0718753
1273330800000,162227427.95360562
1273334400000,117418768.93663296
1273338000000,90718062.5757
1273341600000,143715680.72973305
1273345200000,114376831.91754918
1273348800000,94822717.18250428
1273352400000,102577734.94464216
1273356000000,142443860.54628405
1273359600000,64489420.27486706
1273363200000,128695152.72469626
1273366800000,35964041.316531435
1273370400000,171463714.9585097
1273374000000,64571163.88480984
1273377600000,57351853.88435177
1273381200000,56524569.54614287
1273384800000,76288113.63038082
1273388400000,100225782.33864698
1273392000000,55427005.0889362
1273395600000,78223701.48861444
1273399200000,106128502.69272593
1273402800000,84815811.5782031
1273406400000,66597129.606054895
1273410000000,120997196.66787434
1273413600000,68470001.73724253
1273417200000,87598129.20669442
1273420800000,74461786.77747154
1273424400000,78146164.54293044
1273428000000,138699076.4037859
1273431600000,108880425.53594206
1273435200000,113087748.77093746
1273438800000,65021291.78228864
1273442400000,125069283.6265552
1273446000000,98497641.45882776
1273449600000,98047652.23388892
1273453200000,170857032.19881573
1273456800000,131501560.12760323
1273460400000,46239481.69268327
1273464000000,62182333.97207604
1273467600000,101606457.075624
1273471200000,201044886.70388883
1273474800000,83574186.87564486
1273478400000,95190722.55319962
1273482000000,59430132.88845302
1273485600000,46887698.72575827
1273489200000,76733622.63656491
1273492800000,83384771.69511582
1273496400000,114292233.66908944
1273500000000,104718826.18637095
1273503600000,57823576.48807365
1273507200000,63251371.232340954
1273510800000,29825340.335192293
1273514400000,88393200.32069004
1273518000000,152449782.873529
1273521600000,70391353.82680802
1273525200000,36014893.23486023
1273528800000,145228477.36899337
1273532400000,86840002.20333199
1273536000000,82661406.32872868
1273539600000,76568604.09326047
1273543200000,49251960.19653501
1273546800000,23538844.700455315
1273550400000,95177041.79399392
1273554000000,51806450.50478055
1273557600000,48352939.31093822
1273561200000,190349874.82165757
1273564800000,101633188.58235264
1273568400000,43272468.426725686
1273572000000,99759257.77335048
1273575600000,42664724.70059334
1273579200000,41392703.094106495
1273582800000,116885854.70545304
1273586400000,45671852.19328344
1273590000000,49362094.27568648
1273593600000,59758333.94717647
1273597200000,59709841.92612117
1273600800000,67713891.2886104
1273604400000,108452484.50351554
1273608000000,46142827.257706925
1273611600000,89464508.98599407
1273615200000,110891134.76266074
1273618800000,
1273622400000,86395553.73348115
1273626000000,61920697.22324543
1273629600000,76947603.73705728
1273633200000,66731343.89385427
1273636800000,58445137.83449032
1273640400000,79109549.02554113
1273644000000,156385828.90489843
1273647600000,52962400.57602446
1273651200000,87737394.91290538
1273654800000,110462012.41036326
1273658400000,94336446.83797862
1273662000000,45111843.106444806
1273665600000,85523079.43358919
1273669200000,116182781.89519472
1273672800000,43351784.28925175
1273676400000,64133435.67718475
1273680000000,44386183.431810305
1273683600000,31249615.741912503
1273687200000,67014962.234629594
1273690800000,60313466.011166655
1273694400000,128865899.35835956
1273698000000,52013969.27447454
1273701600000,150431366.74514112
1273705200000,70843159.6921919
1273708800000,63966179.542413786
1273712400000,78030146.90734178
1273716000000,39807757.68229201
1273719600000,83764464.55889322
1273723200000,119646225.25792408
1273726800000,152787434.6628391
1273730400000,35150841.65618948
1273734000000,78131413.02531971
1273737600000,36742224.63396637
1273741200000,74116064.19583331
1273744800000,67219027.28406514
1273748400000,120758908.97202948
1273752000000,119022619.84230945
1273755600000,90491391.38007084
1273759200000,56217475.11057808
1273762800000,55058351.91242184
1273766400000,72662042.65993086
1273770000000,116612406.55090858
1273773600000,80213403.19799055
1273777200000,73367218.02740958
1273780800000,84837542.50609912
1273784400000,103281637.05592792
1273788000000,65894712.11966267
1273791600000,74601989.05064884
1273795200000,52646621.89383972
1273798800000,57486272.291893214
1273802400000,62428530.99572113
1273806000000,60412502.90116856
1273809600000,125587694.99399298
1273813200000,127223717.36730462
1273816800000,167007865.7034154
1273820400000,55800628.31164558
1273824000000,41776549.12961203
1273827600000,155164446.29864332
1273831200000,83845064.41844042
1273834800000,52962400.57602445
1273838400000,15057795.743579123
1273842000000,33926324.63128124
1273845600000,91672460.79770347
1273849200000,82343809.9078148
1273852800000,74551599.32484631
1273856400000,70988965.01185681
1273860000000,102577734.94464216
1273863600000,57277448.26177217
1273867200000,135499035.3565494
1273870800000,119083769.97580838
1273874400000,47279350.09656671
1273878000000,81879556.97361644
1273881600000,95379919.46114326
1273885200000,
1273888800000,30268378.664592065
1273892400000,96564866.84202535
1273896000000,132900232.14983138
1273899600000,12514018.458099203
1273903200000,58734377.82058054
1273906800000,48522996.541809045
1273910400000,28049210.368598465
1273914000000,68897404.99402931
1273917600000,68317431.79031627
1273921200000,133570362.40472163
1273924800000,59073882.89468796
1273928400000,68216095.67394002
1273932000000,43069839.80245901
1273935600000,166853579.44132268
1273939200000,47176287.74168018
1273942800000,62873052.008222714
1273946400000,73464884.7180744
1273950000000,51432265.983427286
1273953600000,60778437.66543774
1273957200000,14110667.706524542
1273960800000,31613607.82903427
1273964400000,90618754.35175286
1273968000000,49673106.57085282
1273971600000,54999822.00539913
1273975200000,87424667.56470096
1273978800000,15713787.414640514
1273982400000,33338796.657400813
1273986000000,66490146.26532225
1273989600000,133786233.69749697
1273993200000,92647154.00148432
1273996800000,26006984.637237266
1274000400000,71989070.44119161
1274004000000,116060612.82905886
1274007600000,74109428.91703333
1274011200000,66052449.31204966
1274014800000,38857117.690700576
1274018400000,114305760.97808096
1274022000000,81585586.0193289
1274025600000,66610526.73532588
1274029200000,39889281.821624495
1274032800000,118522032.53737985
1274036400000,176674922.99254724
1274040000000,90867433.6995897
1274043600000,144847300.263038
1274047200000,95943708.97117089
1274050800000,
1274054400000,57539549.65268273
1274058000000,100491935.78188314
1274061600000,98522761.9998782
1274065200000,66550282.06236656
1274068800000,106773839.08278672
1274072400000,32329713.76696982
1274076000000,143448848.79373276
1274079600000,78242185.35002479
1274083200000,87807193.95420444
1274086800000,91978035.66702911
1274090400000,53596783.49001375
1274094000000,77112465.8596425
1274097600000,61058625.926849514
1274101200000,169025486.67754206
1274104800000,77881486.59358945
1274108400000,47905226.90991102
1274112000000,120382595.762394
1274115600000,70176527.72153799
1274119200000,150577957.43579125
1274122800000,105232293.59888925
1274126400000,88017259.01151113
1274130000000,56601868.10278716
1274133600000,67916271.06215231
1274137200000,110125859.6162983
1274140800000,191454714.31124884
1274144400000,113153998.18439436
1274148000000,93764016.94211708
1274151600000,30431111.883218907
1274155200000,78973699.77134728
1274158800000,114427651.00755994
1274162400000,146125740.68901363
1274166000000,96060611.6626936
1274169600000,97791177.9094226
1274173200000,123737267.71349213
1274176800000,63781359.60730135
1274180400000,123706448.9668636
1274184000000,162880342.2061691
1274187600000,176386165.08259684
1274191200000,73960448.60426734
1274194800000,168509378.32127476
1274198400000,119079691.34547047
1274202000000,78013601.07466424
1274205600000,182737819.20601815
1274209200000,88682020.56920695
1274212800000,101051629.9385992
1274216400000,78905949.95741704
1274220000000,116101307.29358517
1274223600000,99855527.26215468
1274227200000,76506684.01139207
1274230800000,101409080.11800346
1274234400000,129629518.55699176
1274238000000,145132995.13535172
1274241600000,117169472.18729824
1274245200000,102387423.74808438
1274248800000,55879730.05287311
1274252400000,113378164.15042111
1274256000000,81456562.95235054
1274259600000,137280650.24929723
1274263200000,60528457.80117081
1274266800000,117884574.2452006
1274270400000,74355728.10592493
1274274000000,115332960.08404908
1274277600000,88702827.57371576
1274281200000,117806139.01606044
1274284800000,154023700.75863668
1274288400000,123659860.20940502
1274292000000,102578956.62083934
1274295600000,90612934.07646716
1274299200000,68904607.9143233
1274302800000,84306814.38928966
1274306400000,121104819.9558139
1274310000000,92033456.40748204
1274313600000,76433393.81662942
1274317200000,124703829.61749096
1274320800000,92893619.55856918
1274324400000,202073269.43974704
1274328000000,126340595.02928492
1274331600000,121324688.3423584
1274335200000,83682833.03278999
1274338800000,74520926.37705797
1274342400000,83203863.42426217
1274346000000,87143170.39088677
1274349600000,131244615.17782368
1274353200000,169127409.9189019
1274356800000,110332756.31584704
1274360400000,116133010.99554324
1274364000000,143501241.7284321
1274367600000,115285111.36843576
1274371200000,83362909.58591424
1274374800000,102196309.1499438
1274378400000,160333495.22248837
1274382000000,126565080.80581172
1274385600000,135137217.75281888
1274389200000,105476366.90113772
1274392800000,148650939.5281008
1274396400000,146414856.0688815
1274400000000,66421883.138298064
1274403600000,132096484.16426563
1274407200000,63091964.10762696
1274410800000,162495550.8713367
1274414400000,67861503.81318615
1274418000000,116331487.6997089
1274421600000,118876547.85966428
1274425200000,113222058.37871782
1274428800000,43154505.92361011
1274432400000,127552217.92630272
1274436000000,71600284.9478417
1274439600000,102331380.69979146
1274443200000,68141735.46955757
1274446800000,78315796.53761362
1274450400000,164174475.60085055
1274454000000,172696896.15957496
1274457600000,90747614.41843577
1274461200000,70219664.3114263
1274464800000,89824498.71060635
1274468400000,176001715.13613024
1274472000000,138900252.48139864
1274475600000,137958683.5247731
1274479200000,81975020.11375347
1274482800000,84629345.44899586
1274486400000,72771150.1558088
1274490000000,118911276.62035953
1274493600000,131508461.33125412
1274497200000,45246031.55530131
1274500800000,62123519.51640576
1274504400000,119092968.10284184
1274508000000,184344791.60846493
1274511600000,95853734.8981468
1274515200000,137925440.46850207
1274518800000,74624761.63675025
1274522400000,90578366.57872692
1274526000000,94688267.65000556
1274529600000,169814919.71532017
1274533200000,197973394.87912968
1274536800000,63698481.983018875
1274540400000,155550524.54788756
1274544000000,121756894.9660456
1274547600000,96866563.51058796
1274551200000,145869158.49752384
1274554800000,445440138.4780417
1274558400000,34836811.01262329
1274562000000,145161661.86572418
1274565600000,137883909.1705591
1274569200000,117266868.30063112
1274572800000,119574999.9622475
1274576400000,206197213.71402764
1274580000000,91509285.04305092
1274583600000,146151992.77252802
1274587200000,193135610.8524273
1274590800000,154600919.12469253
1274594400000,88750096.53315581
1274598000000,95152053.80378152
1274601600000,174073380.93233347
1274605200000,80552800.29121126
1274608800000,99931014.9796729
1274612400000,129025771.30330426
1274616000000,96231866.3570803
1274619600000,244819066.579937
1274623200000,57866548.17621418
1274626800000,220665512.63169408
1274630400000,98842472.04261547
1274634000000,151246024.03072628
1274637600000,52999127.58743366
1274641200000,114014929.93599172
1274644800000,225461576.73827025
1274648400000,93459152.24822982
1274652000000,88639655.89535946
1274655600000,114206874.26248331
1274659200000,123760124.96092618
1274662800000,89497207.53550804
1274666400000,124627464.74938476
1274670000000,18354676.220756248
1274673600000,110582835.2182924
1274677200000,151051447.2556249
1274680800000,139729934.73103005
1274684400000,59175578.60425252
1274688000000,74081482.94108374
1274691600000,145000779.71989453
1274695200000,51151973.00663839
1274698800000,134987828.83202207
1274702400000,104047367.04281455
1274706000000,127021487.47723351
1274709600000,138429578.8581003
1274713200000,178774288.4186097
1274716800000,101378156.87957424
1274720400000,98001597.07981314
1274724000000,103787956.1095709
1274727600000,126055527.98745447
1274731200000,117203087.3702142
1274734800000,77370989.17873527
1274738400000,170799128.06990933
1274742000000,104546224.28206092
1274745600000,141652945.41212338
1274749200000,147398153.10068464
1274752800000,80632587.13777547
1274756400000,78760313.44262588
1274760000000,82640762.02047046
1274763600000,120976269.49305508
1274767200000,75172365.1572563
1274770800000,47506220.80666322
1274774400000,120853117.53904112
1274778000000,224137279.66491768
1274781600000,207896332.6774843
1274785200000,149086517.66736802
1274788800000,170164423.0231984
1274792400000,209114483.81004497
1274796000000,139360255.8075945
1274799600000,146372734.41868904
1274803200000,106156225.74889845
1274806800000,151262374.95224312
1274810400000,87546594.46619384
1274814000000,144992431.9490413
1274817600000,104077772.46860148
1274821200000,122012380.05740124
1274824800000,57199732.97800598
1274828400000,48074799.19742014
1274832000000,98056685.10515311
1274835600000,84563704.95945095
1274839200000,260076429.1619021
1274842800000,196444642.79512095
1274846400000,151099024.6553184
1274850000000,169722928.96791208
1274853600000,131508461.33125414
1274857200000,129760679.63258436
1274860800000,112041219.07399727
1274864400000,57183661.12271573
1274868000000,139242371.329875
1274871600000,51306718.47119628
1274875200000,115398417.97218488
1274878800000,141803685.8526653
1274882400000,152999121.739557
1274886000000,232457624.14134243
1274889600000,42731659.420999154
1274893200000,98871283.48996562
1274896800000,151975309.31835043
1274900400000,103173272.7078662
1274904000000,106609036.11091948
1274907600000,203221055.67294824
1274911200000,111849648.84109108
1274914800000,100402886.00678109
1274918400000,143271136.87838456
1274922000000,94747043.73172498
1274925600000,86718806.27892725
1274929200000,112595656.94923668
1274932800000,134680135.98689026
1274936400000,111791623.14514984
1274940000000,141113239.5548311
1274943600000,82439906.80627003
1274947200000,114650090.72494411
1274950800000,63420582.71603155
1274954400000,55712195.43820018
1274958000000,113064805.51985846
1274961600000,126628079.85051347
1274965200000,164512283.16381523
1274968800000,163730209.11966634
1274972400000,106164136.63836478
1274976000000,55099807.75821564
1274979600000,139931689.99982485
1274983200000,131357562.35095432
1274986800000,180373360.31938156
1274990400000,89157410.89474823
1274994000000,114657267.56943396
1274997600000,98630334.36376467
1275001200000,135569311.17489028
1275004800000,111822335.12953036
1275008400000,165406900.1428359
1275012000000,111381704.21176954
1275015600000,164870908.8915629
1275019200000,104421062.0501515
1275022800000,128385471.82421476
1275026400000,120817245.43528952
1275030000000,163030694.2075396
1275033600000,128087402.05746204
1275037200000,147732759.82559904
1275040800000,191945102.33767405
1275044400000,177830082.46812692
1275048000000,87590553.01732096
1275051600000,30285215.7642478
1275055200000,106525333.6486497
1275058800000,163481778.77737483
1275062400000,156440187.39147875
1275066000000,204333985.8792623
1275069600000,96362050.15897028
1275073200000,72649922.63294096
1275076800000,172787124.42298126
1275080400000,169691481.32496828
1275084000000,163967652.22022662
1275087600000,80925729.9221891
1275091200000,104505322.00339033
1275094800000,145994727.3570626
1275098400000,115596928.7204006
1275102000000,76252023.20559958
1275105600000,76524403.05912589
1275109200000,151111263.68855456
1275112800000,132982651.55236882
1275116400000,174792427.65738213
1275120000000,145046709.64695182
1275123600000,150418810.0042463
1275127200000,69946607.7590546
1275130800000,195099500.0753515
1275134400000,100353377.68034776
1275138000000,137903244.91474015
1275141600000,115936761.87689632
1275145200000,99551464.05700952
1275148800000,100448071.67024463
1275152400000,110095218.09081107
1275156000000,40974971.14171977
1275159600000,168146995.8277405
1275163200000,114650940.36304058
1275166800000,140751096.33497822
1275170400000,157785907.109977
1275174000000,147209898.89946038
1275177600000,112895847.73250432
1275181200000,181316849.43829596
1275184800000,100902459.3283515
1275188400000,93993152.1317828
1275192000000,75029852.55312808
1275195600000,84024013.8067991
1275199200000,81204095.25469379
1275202800000,220644203.18045083
1275206400000,75750272.6049319
1275210000000,80043061.09209515
1275213600000,190851336.1734648
1275217200000,106734055.66934703
1275220800000,189684825.21625257
1275224400000,189735246.48823985
1275228000000,101332197.23009063
1275231600000,238780787.62347952
1275235200000,212514774.0346136
1275238800000,97069446.59411946
1275242400000,57737835.97886821
1275246000000,87602356.07373078
1275249600000,70013143.43195276
1275253200000,185291490.49895665
1275256800000,148808338.5591574
1275260400000,155999416.60026288
1275264000000,93280710.57093029
1275267600000,96275154.74625824
1275271200000,137153115.04313225
1275274800000,123321354.05818218
1275278400000,154313138.97667128
1275282000000,140271981.499756
1275285600000,134981845.1756351
1275289200000,127201832.51072577
1275292800000,96744916.95429093
1275296400000,50515498.746550485
1275300000000,157667654.812916
1275303600000,91183443.70065898
1275307200000,120419063.22880782
1275310800000,80585266.41702044
1275314400000,145699938.2095853
1275318000000,125924845.15532345
1275321600000,178579934.2728943
1275325200000,177951689.0747597
1275328800000,134803398.92138967
1275332400000,90766022.03570172
1275336000000,163994025.79868087
1275339600000,67034560.22621699
1275343200000,85024895.44833334
1275346800000,94241351.6356956
1275350400000,138024529.86246708
1275354000000,62759437.04180173
1275357600000,20701392.03273661
1275361200000,85197421.49543548
1275364800000,79707872.39405455
1275368400000,119561808.5910818
1275372000000,58542874.49569476
1275375600000,152899106.8808479
1275379200000,58090254.10284911
1275382800000,216357783.69182533
1275386400000,201950832.30426988
1275390000000,130015300.05259717
1275393600000,109897459.1668604
1275397200000,121687481.27182926
1275400800000,153213629.68366155
1275404400000,296586148.4579329
1275408000000,91393597.60419442
1275411600000,59747544.4159117
1275415200000,117708442.8246633
1275418800000,148666284.25696608
1275422400000,127787416.39440688
1275426000000,101389772.34215318
1275429600000,104691111.36532098
1275433200000,38729462.68522835
1275436800000,52571091.68026208
1275440400000,85739819.49414515
1275444000000,161327372.56651998
1275447600000,37716459.56611669
1275451200000,169200405.72371516
1275454800000,180871319.28533387
1275458400000,102791474.2639341
1275462000000,96035519.31231192
1275465600000,81837192.99343711
1275469200000,182820635.96858063
1275472800000,32969237.75005813
1275476400000,113371028.79427548
1275480000000,34185057.34141563
1275483600000,150007144.78923118
1275487200000,99690502.41463108
1275490800000,224514685.8154817
1275494400000,138521984.5029473
1275498000000,86153771.54963891
1275501600000,156303065.0997281
1275505200000,154610252.12030867
1275508800000,175612256.09877753
1275512400000,214421093.97859895
1275516000000,174093657.8753069
1275519600000,55558201.77378933
1275523200000,94465854.59088914
1275526800000,134002001.99413487
1275530400000,98698008.47466238
1275534000000,113614643.4204152
1275537600000,86414527.51679882
1275541200000,171253358.27465412
1275544800000,148837890.40873724
1275548400000,123813355.9911116
1275552000000,102980558.67105624
1275555600000,104088078.35052983
1275559200000,110208543.0708325
1275562800000,113089621.9628347
1275566400000,140416524.05680493
1275570000000,112910729.86376353
1275573600000,82063002.6774843
1275577200000,220371718.82950243
1275580800000,111499713.1927246
1275584400000,151042562.90874574
1275588000000,198926373.70601323
1275591600000,125298536.68029696
1275595200000,134676225.90353933
1275598800000,58379280.03997479
1275602400000,159237924.66006878
1275606000000,139889073.451986
1275609600000,79530250.39429063
1275613200000,79353418.2644534
1275616800000,121723055.47216208
1275620400000,82107054.90284798
1275624000000,62302938.3726004
1275627600000,55786166.25937932
1275631200000,104891109.07990572
1275634800000,56893352.24683233
1275638400000,113029928.31175904
1275642000000,146955528.8535679
1275645600000,87652557.9969822
1275649200000,224012096.15339068
1275652800000,117980825.9981419
1275656400000,146610562.82339522
1275660000000,159415744.78810906
1275663600000,143124834.74710134
1275667200000,37967233.898338206
1275670800000,131978551.11656553
1275674400000,50408474.38479933
1275678000000,156394390.291139
1275681600000,85585611.18570244
1275685200000,154875833.42311004
1275688800000,179117690.66217273
1275692400000,13559726.392263647
1275696000000,166044547.2029679
1275699600000,113977484.59700732
1275703200000,134085910.5739684
1275706800000,99523702.912543
1275710400000,133750905.17590724
1275714000000,74430030.99987054
1275717600000,110721405.99101734
1275721200000,104999116.9886376
1275724800000,287429797.56594294
1275728400000,195863895.76720145
1275732000000,52509857.57396457
1275735600000,84792586.99082422
1275739200000,106758001.38928483
1275742800000,75056151.1344646
1275746400000,94540926.79321302
1275750000000,105676196.34148422
1275753600000,120912026.64405844
1275757200000,138062668.72122988
1275760800000,108941391.52758828
1275764400000,79115938.51571253
1275768000000,171054021.94526902
1275771600000,136740229.36566252
1275775200000,229882124.73067904
1275778800000,23557227.633292355
1275782400000,71629101.58442132
1275786000000,78009180.0315583
1275789600000,192394608.4336276
1275793200000,159428461.4237814
1275796800000,135186363.12287092
1275800400000,83143156.35279655
1275804000000,153584507.21651608
1275807600000,107497589.95312624
1275811200000,189937199.9171789
1275814800000,148126380.76031303
1275818400000,130292180.82545029
1275822000000,59006668.27958873
1275825600000,172672270.28454995
1275829200000,180966605.61467975
1275832800000,60528640.85552328
1275836400000,116377825.64490628
1275840000000,75612711.57719897
1275843600000,174040596.71777105
1275847200000,147868836.3723382
1275850800000,59998654.85755884
1275854400000,104456194.72518416
1275858000000,110767224.90514562
1275861600000,163123995.4626611
1275865200000,90010592.34410572
1275868800000,98657083.24654572
1275872400000,94187463.9043886
1275876000000,125555672.34630756
1275879600000,35698124.3955368
1275883200000,164182633.07389498
1275886800000,190851336.1734648
1275890400000,173164482.6028041
1275894000000,133168656.21058926
1275897600000,174893475.5990832
1275901200000,85151684.73471619
1275904800000,130490675.9211624
1275908400000,118733129.5739548
1275912000000,78958406.7797299
1275915600000,202286962.794385
1275919200000,120115102.61485209
1275922800000,205553346.9514063
1275926400000,95874277.67478286
1275930000000,177558208.28078568
1275933600000,245806409.66235387
1275937200000,202894825.8353491
1275940800000,76606814.84183079
1275944400000,166254036.63558036
1275948000000,54938156.4201469
1275951600000,79450578.50498201
1275955200000,234990616.39136073
1275958800000,164973188.89570686
1275962400000,155593241.91580564
1275966000000,99412812.9928633
1275969600000,95861401.73096406
1275973200000,212206053.24800923
1275976800000,138907088.71340865
1275980400000,235018249.34248865
1275984000000,118176158.49151626
1275987600000,78749337.74147819
1275991200000,108313201.4095233
1275994800000,37577467.6119378
1275998400000,91043877.20519878
1276002000000,125621963.61998564
1276005600000,107151790.28568108
1276009200000,177243277.08482826
1276012800000,104788450.7886604
1276016400000,234668711.4374
1276020000000,143835566.2042838
1276023600000,178075009.71860912
1276027200000,82195301.3920726
1276030800000,155218638.73940068
1276034400000,140447222.90334114
1276038000000,66875452.58795363
1276041600000,127613348.7405408
1276045200000,122884603.56668246
1276048800000,170309013.1388872
1276052400000,101045299.72943918
1276056000000,284538039.92148685
1276059600000,41815114.07667008
1276063200000,140924777.35217342
1276066800000,110578465.88516784
1276070400000,73738016.24883866
1276074000000,86887887.67970279
1276077600000,157307767.9975225
1276081200000,181451286.2507171
1276084800000,159683220.86996832
1276088400000,89083806.21388559
1276092000000,179097262.09343845
1276095600000,198714921.29419777
1276099200000,179907749.78922707
1276102800000,91260054.4478778
1276106400000,196454311.18039224
1276110000000,264504392.85448965
1276113600000,
1276117200000,75263898.48833618
1276120800000,146869135.24460047
1276124400000,118143558.1719324
1276128000000,590191048.3418722
1276131600000,
1276135200000,65200639.16773312
1276138800000,102444778.94348882
1276142400000,64406406.25208738
1276146000000,275668302.4011756
1276149600000,82256870.90622395
1276153200000,111325811.89842866
1276156800000,294257242.6985458
1276160400000,119963697.02332076
1276164000000,86659327.87803623
1276167600000,146317184.27511278
1276171200000,92006186.81216273
1276174800000,21155423.748925857
1276178400000,148793567.03458333
1276182000000,137796138.4727333
1276185600000,130639944.59643257
1276189200000,178223220.29681855
1276192800000,43669868.295427255
1276196400000,138800971.76251987
1276200000000,171089165.21782318
1276203600000,102115021.07135314
1276207200000,114835393.72607008
1276210800000,167211478.13499466
1276214400000,109925666.933587
1276218000000,102821088.63277993
1276221600000,155128279.76935798
1276225200000,134314193.03820723
1276228800000,63806674.370270416
1276232400000,191158006.7725652
1276236000000,113810895.12975156
1276239600000,119030127.3966801
1276243200000,209443661.1762789
1276246800000,58554880.82762579
1276250400000,206295952.9736296
1276254000000,132147262.12698516
1276257600000,175722303.61613944
1276261200000,124208352.19641969
1276264800000,144574305.0064036
1276268400000,216656290.56777984
1276272000000,85791345.82797578
1276275600000,192112159.77921072
1276279200000,258149727.7717029
1276282800000,101369202.2929866
1276286400000,172736111.20190442
1276290000000,90124242.08191396
1276293600000,96784270.8188147
1276297200000,219156901.15284437
1276300800000,73899151.8461919
1276304400000,105107952.40411551
1276308000000,20993510.45979276
1276311600000,49603271.22592894
1276315200000,173971079.42910603
1276318800000,203352393.6910434
1276322400000,112395247.2072012
1276326000000,190352840.7847134
1276329600000,88294409.4559705
1276333200000,161368112.82361105
1276336800000,195836629.57771003
1276340400000,82036179.33519016
1276344000000,236077409.96317905
1276347600000,78582024.41581374
1276351200000,18093292.09767888
1276354800000,64098102.34260709
1276358400000,116499568.03218327
1276362000000,170613587.7996972
1276365600000,157164048.8316275
1276369200000,128352328.72559305
1276372800000,97866968.00606064
1276376400000,133269127.98873498
1276380000000,93903048.04405417
1276383600000,108114298.61697765
1276387200000,148888957.30957928
1276390800000,162536301.3172721
1276394400000,180321070.51937935
1276398000000,81285848.4266366
1276401600000,143104645.10228062
1276405200000,147974079.67298922
1276408800000,238592439.188639
1276412400000,139897724.42262462
1276416000000,165803271.9489685
1276419600000,98668944.21758267
1276423200000,130132928.28882577
1276426800000,161106928.9344981
1276430400000,99305518.0512445
1276434000000,124421538.65837176
1276437600000,253404355.71969804
1276441200000,104800547.3023253
1276444800000,163175788.404422
1276448400000,177112510.54572493
1276452000000,138723244.58857486
1276455600000,235795714.45048344
1276459200000,96575579.81244896
1276462800000,152486274.39893824
1276466400000,129755949.93341205
1276470000000,181725713.71719345
1276473600000,303961413.66051733
1276477200000,110153976.0466192
1276480800000,115992733.36703396
1276484400000,110958565.98546828
1276488000000,194155847.0611783
1276491600000,100768850.20700523
1276495200000,53390254.385855936
1276498800000,93844026.64364934
1276502400000,138792327.57615256
1276506000000,35908091.96489806
1276509600000,95237919.1480156
1276513200000,198922901.5474539
1276516800000,66079153.082560785
1276520400000,107848776.64695616
1276524000000,146781209.585181
1276527600000,114951707.51543364
1276531200000,231384095.5607928
1276534800000,170684019.8800184
1276538400000,187947943.59270656
1276542000000,185755130.9801514
1276545600000,80990423.86224362
1276549200000,285437647.5103823
1276552800000,157108922.89377
1276556400000,205608234.64316657
1276560000000,226831974.5966265
1276563600000,147937425.20688245
1276567200000,113800187.79729123
1276570800000,115169582.2200294
1276574400000,231901392.27032793
1276578000000,187360933.84138525
1276581600000,128638006.6542614
1276585200000,142935027.99922356
1276588800000,261024206.97560507
1276592400000,130588203.83969048
1276596000000,186505145.3884292
1276599600000,103433215.3723908
1276603200000,80986030.80388702
1276606800000,237748163.0414747
1276610400000,110188816.52401929
1276614000000,252917865.14406452
1276617600000,162997648.89743024
1276621200000,165632476.18547112
1276624800000,169569388.29079628
1276628400000,166388387.5074808
1276632000000,114780017.21252008
1276635600000,202640942.44034487
1276639200000,76157024.4274655
1276642800000,147535421.33403766
1276646400000,49259599.60080703
1276650000000,161044177.5539807
1276653600000,204653155.2711567
1276657200000,148822174.32349476
1276660800000,183817600.97266373
1276664400000,184003683.93139488
1276668000000,138118266.7808012
1276671600000,120822048.46453255
1276675200000,140664996.59896672
1276678800000,181361489.6933448
1276682400000,104482747.64873764
1276686000000,34714216.78447945
1276689600000,58689405.02753385
1276693200000,79714813.87615916
1276696800000,70707447.6179419
1276700400000,172957829.58592078
1276704000000,155203582.52603546
1276707600000,82672118.70988157
1276711200000,63751428.85996845
1276714800000,135066028.00857106
1276718400000,146214455.0546059
1276722000000,125116631.05311128
1276725600000,142856878.72202337
1276729200000,179238711.15251634
1276732800000,101868896.78647676
1276736400000,203691468.47209564
1276740000000,82000135.31966504
1276743600000,152086863.31931356
1276747200000,63570471.07154958
1276750800000,149433932.6180044
1276754400000,79144365.96344878
1276758000000,126138422.7457444
1276761600000,100610408.61862949
1276765200000,123189642.23601164
1276768800000,152264120.73576963
1276772400000,142630728.3053555
1276776000000,111208866.21944274
1276779600000,140438178.54478943
1276783200000,82786718.26451129
1276786800000,138417039.29855943
1276790400000,178453202.8566288
1276794000000,98530035.01322883
1276797600000,115853227.0727807
1276801200000,143839929.08482286
1276804800000,128522002.54922809
1276808400000,157939893.92459038
1276812000000,175571315.1341088
1276815600000,99936978.84206566
1276819200000,140358022.45832774
1276822800000,145118151.17055303
1276826400000,127720997.76736195
1276830000000,182024805.10825497
1276833600000,124525309.74982996
1276837200000,118277670.76053296
1276840800000,82307522.81700447
1276844400000,108255399.06470862
1276848000000,129960323.8908633
1276851600000,80939201.15109114
1276855200000,37751162.17194592
1276858800000,235498180.42594028
1276862400000,92851894.52117296
1276866000000,138870704.8538829
1276869600000,59311114.82655434
1276873200000,101458172.32267337
1276876800000,82855630.6271066
1276880400000,241453147.64635503
1276884000000,174876707.1200436
1276887600000,81744235.63648842
1276891200000,143618551.7410986
1276894800000,162253690.9259358
1276898400000,214458268.29940552
1276902000000,110826786.21588936
1276905600000,205529614.1802409
1276909200000,95050831.67178896
1276912800000,157246810.31073844
1276916400000,221084668.8895055
1276920000000,87272531.20764913
1276923600000,72338103.87114637
1276927200000,112655316.69269072
1276930800000,160613001.71046266
1276934400000,99936978.84206568
1276938000000,200980050.48016977
1276941600000,137736020.6550241
1276945200000,120117334.18346432
1276948800000,83294753.91355433
1276952400000,147285925.13110527
1276956000000,188755810.8597296
1276959600000,152441791.82180905
1276963200000,177042505.60084522
1276966800000,47228757.82055444
1276970400000,83911116.3675793
1276974000000,62327633.642265126
1276977600000,163533238.10519835
1276981200000,93696797.232536
1276984800000,155851614.1858519
1276988400000,135803134.71028104
1276992000000,114090050.7310592
1276995600000,151887941.3937397
1276999200000,86785541.96119861
1277002800000,150106413.9310115
1277006400000,217140556.1228128
1277010000000,63086977.347906806
1277013600000,295430137.4536681
1277017200000,78930982.4434585
1277020800000,266544356.3678384
1277024400000,113213410.97213082
1277028000000,135170838.6873154
1277031600000,105980867.68174767
1277035200000,212484601.12435403
1277038800000,181833913.0595961
1277042400000,172541424.94997624
1277046000000,221283253.87907672
1277049600000,169127601.25741518
1277053200000,195639894.81115457
1277056800000,186678977.73199067
1277060400000,214177975.37622172
1277064000000,92118612.037294
1277067600000,186912677.00306225
1277071200000,119396918.34469904
1277074800000,182525484.58440843
1277078400000,179824660.13942233
1277082000000,263849518.69237223
1277085600000,
1277089200000,99632118.65875337
1277092800000,94995539.42286152
1277096400000,147202947.14511588
1277100000000,142830847.94966146
1277103600000,58095660.073947914
1277107200000,100420935.15607084
1277110800000,749742413.7233305
1277114400000,46239035.73553612
1277118000000,155365084.6930761
1277121600000,223958769.58506915
1277125200000,130675284.41239344
1277128800000,54851523.28804045
1277132400000,101591639.63940538
1277136000000,139277841.78175944
1277139600000,131973346.8385794
1277143200000,257151033.7931372
1277146800000,130436091.77930644
1277150400000,50237498.78534526
1277154000000,104409682.79024205
1277157600000,216909219.937113
1277161200000,124155491.1772776
1277164800000,110188816.52401929
1277168400000,105417166.19678472
1277172000000,85244559.74310368
1277175600000,62839160.9385716
1277179200000,121683656.3896056
1277182800000,245568826.29941788
1277186400000,175653936.929466
1277190000000,153765032.32754493
1277193600000,131008347.22729988
1277197200000,178063024.9135911
1277200800000,90576223.24074624
1277204400000,193652200.24649295
1277208000000,130019604.984075
1277211600000,41176460.67017268
1277215200000,235498180.42594028
1277218800000,79778704.99067385
1277222400000,139668705.6969561
1277226000000,149714157.72930786
1277229600000,143425404.79351214
1277233200000,164837170.9409243
1277236800000,216385284.6232552
1277240400000,51472941.75708324
1277244000000,149505186.638898
1277247600000,90160535.25968967
1277251200000,177651059.95642713
1277254800000,140898879.88994598
1277258400000,101018840.58866449
1277262000000,142739814.9044418
1277265600000,133756637.30351277
1277269200000,149872029.61302868
1277272800000,187853354.7937168
1277276400000,233888395.085518
1277280000000,125467097.80676146
1277283600000,77021329.06373285
1277287200000,193501615.3318379
1277290800000,235160983.71857208
1277294400000,168850264.5066962
1277298000000,93129894.20536809
1277301600000,230623797.32784384
1277305200000,128018241.63771714
1277308800000,234231493.66434845
1277312400000,95200327.1349922
1277316000000,215816597.9356777
1277319600000,204696800.6444284
1277323200000,196455061.03953436
1277326800000,82149021.39754944
1277330400000,177604099.59164885
1277334000000,227979498.92983168
1277337600000,154014283.04307732
1277341200000,176567935.65521064
1277344800000,166543052.30345356
1277348400000,133834570.08788644
1277352000000,152352904.4796389
1277355600000,103886617.304513
1277359200000,159813589.9277989
1277362800000,94905826.58914705
1277366400000,75969731.88095969
1277370000000,154774547.05257025
1277373600000,246650627.29633164
1277377200000,249447799.2543298
1277380800000,146357601.2330502
1277384400000,158522045.86960015
1277388000000,19712148.915785786
1277391600000,95075251.67230467
1277395200000,249055316.9723894
1277398800000,270594044.2076049
1277402400000,129113811.953435
1277406000000,146989357.3473409
1277409600000,111929849.06787844
1277413200000,277596349.7328337
1277416800000,151993250.3634206
1277420400000,105592897.61295857
1277424000000,96072582.84258476
1277427600000,206806366.29266077
1277431200000,182104076.36404
1277434800000,119274369.39669736
1277438400000,242547247.1473584
1277442000000,126776643.77234907
1277445600000,169511116.50700125
1277449200000,55760235.693092525
1277452800000,210108316.67884612
1277456400000,129858157.7063607
1277460000000,155723029.92515376
1277463600000,185069501.73784372
1277467200000,36731143.94708783
1277470800000,185265404.67183107
1277474400000,85458052.41316822
1277478000000,256368182.8230887
1277481600000,129414542.88189796
1277485200000,97534190.30537423
1277488800000,43830116.02205747
1277492400000,133277663.56493972
1277496000000,231365419.66177684
1277499600000,195813135.0741669
1277503200000,203523725.55785665
1277506800000,110699605.66620262
1277510400000,172077699.1382153
1277514000000,200729685.9728861
1277517600000,139136837.42227426
1277521200000,119260146.36194938
1277524800000,146937527.53163314
1277528400000,95851599.32828328
1277532000000,173792096.9748565
1277535600000,234570688.47718063
1277539200000,194272647.12340865
1277542800000,129962298.7996427
1277546400000,198121154.39605936
1277550000000,299794840.3451162
1277553600000,64233499.51132354
1277557200000,242135286.50767663
1277560800000,183020511.92081755
1277564400000,116400789.96639983
1277568000000,135443606.09308064
1277571600000,229594946.600392
1277575200000,86671137.28779356
1277578800000,197495179.18469736
1277582400000,73901986.80198829
1277586000000,125743762.24493404
1277589600000,170697318.20981526
1277593200000,146601522.63138485
1277596800000,156743890.1965599
1277600400000,222941504.09971187
1277604000000,178464594.46668586
1277607600000,105098317.29627022
1277611200000,87178834.32629947
1277614800000,152443365.3806104
1277618400000,133242151.26449606
1277622000000,134063751.66103318
1277625600000,102765678.93457744
1277629200000,145996186.01391295
1277632800000,159660853.67038754
1277636400000,109878662.6446174
1277640000000,168157307.6740324
1277643600000,172399751.56962058
1277647200000,272659647.5985026
1277650800000,212609606.16311812
1277654400000,115114593.3921855
1277658000000,209076113.17890823
1277661600000,219516151.75401837
1277665200000,165417728.64560166
1277668800000,156137945.57524577
1277672400000,263743562.0757667
1277676000000,291879998.1161772
1277679600000,121953417.6411213
1277683200000,146318408.73585376
1277686800000,49300778.24072304
1277690400000,129986429.34641376
1277694000000,150122423.80535987
1277697600000,101513965.42745712
1277701200000,155092748.2967058
1277704800000,159152703.2767835
1277708400000,161831001.19600442
1277712000000,149092961.74587172
1277715600000,121597557.0702397
1277719200000,132923390.13706905
1277722800000,179287264.69317642
1277726400000,160583748.77830884
1277730000000,148402716.5526038
1277733600000,117906378.19555296
1277737200000,111990010.23373058
1277740800000,150749550.20971474
1277744400000,183574814.1320315
1277748000000,291038927.547735
1277751600000,191397471.4323758
1277755200000,124889558.86504838
1277758800000,141766526.2792441
1277762400000,140544630.04374754
1277766000000,137813915.85935062
1277769600000,141020246.38907325
1277773200000,161634842.40667596
1277776800000,111123954.15458971
1277780400000,186345367.50350428
1277784000000,198553819.21606264
1277787600000,207449821.0726629
1277791200000,116890554.86106914
1277794800000,128947342.36607888
1277798400000,191348645.54680628
1277802000000,101103476.282987
1277805600000,173390358.42429045
1277809200000,132711728.68780616
1277812800000,284446981.6243764
1277816400000,64606950.089877754
1277820000000,139436127.94254208
1277823600000,99740265.21773852
1277827200000,161562104.4895032
1277830800000,174266525.07254007
1277834400000,186241263.94623977
1277838000000,333483023.4715931
1277841600000,117616378.23305434
1277845200000,189799263.80148804
1277848800000,148221737.6299787
1277852400000,172247050.2839079
1277856000000,100201942.42974728
1277859600000,93775488.7380504
1277863200000,218318181.0502745
1277866800000,151532664.75625873
1277870400000,188239335.1009425
1277874000000,152682742.55733997
1277877600000,302304283.7631836
1277881200000,218238781.07171384
1277884800000,148788767.9958164
1277888400000,101917414.38818993
1277892000000,106987118.89081168
1277895600000,204710999.36368996
1277899200000,152006451.09734133
1277902800000,140032986.19312623
1277906400000,160274933.8768121
1277910000000,141699573.16397104
1277913600000,187392840.05833003
1277917200000,300877132.1875173
1277920800000,222188658.00037935
1277924400000,205390660.061194
1277928000000,191923927.72813424
1277931600000,106781506.23439114
1277935200000,246047402.51620108
1277938800000,213563012.4687823
1277942400000,210302714.1457035
1277946000000,192231340.47757065
1277949600000,225318921.7613339
1277953200000,220659162.34032908
1277956800000,166021843.85645875
1277960400000,79855923.61795813
1277964000000,215300867.0006259
1277967600000,223499505.5402046
1277971200000,271154280.3239767
1277974800000,158964784.5535684
1277978400000,243563395.79579312
1277982000000,127826634.3802796
1277985600000,228838455.83729348
1277989200000,126564868.05761926
1277992800000,368398011.90317905
1277996400000,228336892.0984721
1278000000000,146183671.32811627
1278003600000,253813018.210234
1278007200000,187077363.8966157
1278010800000,296067373.41364944
1278014400000,165486156.59655952
